#
# There is insufficient memory for the Java Runtime Environment to continue.
# Native memory allocation (mmap) failed to map 478150656 bytes. Error detail: G1 virtual space
# Possible reasons:
#   The system is out of physical RAM or swap space
#   This process is running with CompressedOops enabled, and the Java Heap may be blocking the growth of the native heap
# Possible solutions:
#   Reduce memory load on the system
#   Increase physical memory or swap space
#   Check if swap backing store is full
#   Decrease Java heap size (-Xmx/-Xms)
#   Decrease number of Java threads
#   Decrease Java thread stack sizes (-Xss)
#   Set larger code cache with -XX:ReservedCodeCacheSize=
#   JVM is running with Unscaled Compressed Oops mode in which the Java heap is
#     placed in the first 4GB address space. The Java Heap base address is the
#     maximum limit for the native heap growth. Please use -XX:HeapBaseMinAddress
#     to set the Java Heap base and to place the Java Heap above 4GB virtual address.
# This output file may be truncated or incomplete.
#
#  Out of Memory Error (os_windows.cpp:3926), pid=31600, tid=29992
#
# JRE version: OpenJDK Runtime Environment (21.0.10) (build 21.0.10+-14961533-b1163.108)
# Java VM: OpenJDK 64-Bit Server VM (21.0.10+-14961533-b1163.108, mixed mode, tiered, compressed oops, compressed class ptrs, g1 gc, windows-amd64)
# No core dump will be written. Minidumps are not enabled by default on client versions of Windows
#

---------------  S U M M A R Y ------------

Command Line: --add-opens=java.base/java.lang=ALL-UNNAMED --add-opens=java.base/java.lang.invoke=ALL-UNNAMED --add-opens=java.base/java.util=ALL-UNNAMED --add-opens=java.prefs/java.util.prefs=ALL-UNNAMED --add-exports=jdk.compiler/com.sun.tools.javac.api=ALL-UNNAMED --add-exports=jdk.compiler/com.sun.tools.javac.util=ALL-UNNAMED --add-opens=java.base/java.util=ALL-UNNAMED --add-opens=java.prefs/java.util.prefs=ALL-UNNAMED --add-opens=java.base/java.nio.charset=ALL-UNNAMED --add-opens=java.base/java.net=ALL-UNNAMED --add-opens=java.base/java.util.concurrent=ALL-UNNAMED --add-opens=java.base/java.util.concurrent.atomic=ALL-UNNAMED --add-opens=java.xml/javax.xml.namespace=ALL-UNNAMED --add-opens=java.base/java.time=ALL-UNNAMED -Xmx2048m -Dfile.encoding=UTF-8 -Duser.country=PE -Duser.language=es -Duser.variant -javaagent:C:\Users\Equipo-6\.gradle\wrapper\dists\gradle-9.4.1-bin\arn2x92ynaizyzdaamcbpbhtj\gradle-9.4.1\lib\agents\gradle-instrumentation-agent-9.4.1.jar org.gradle.launcher.daemon.bootstrap.GradleDaemon 9.4.1

Host: 13th Gen Intel(R) Core(TM) i5-13500T, 20 cores, 7G,  Windows 11 , 64 bit Build 26100 (10.0.26100.8521)
Time: Tue Jun 30 14:55:12 2026 Hora est. Pacífico, Sudamérica elapsed time: 11.411165 seconds (0d 0h 0m 11s)

---------------  T H R E A D  ---------------

Current thread (0x000001c25634e730):  VMThread "VM Thread"          [id=29992, stack(0x0000003e2d500000,0x0000003e2d600000) (1024K)]

Stack: [0x0000003e2d500000,0x0000003e2d600000]
Native frames: (J=compiled Java code, j=interpreted, Vv=VM code, C=native code)
V  [jvm.dll+0x6d78a9]
V  [jvm.dll+0x8665b3]
V  [jvm.dll+0x868bde]
V  [jvm.dll+0x8692c3]
V  [jvm.dll+0x280ee6]
V  [jvm.dll+0x6d4165]
V  [jvm.dll+0x6c77fa]
V  [jvm.dll+0x358f4b]
V  [jvm.dll+0x360bc6]
V  [jvm.dll+0x3b2ea6]
V  [jvm.dll+0x3b3178]
V  [jvm.dll+0x32b65c]
V  [jvm.dll+0x32b6e7]
V  [jvm.dll+0x3715cc]
V  [jvm.dll+0x36fd7e]
V  [jvm.dll+0x32adb1]
V  [jvm.dll+0x36f480]
V  [jvm.dll+0x86f048]
V  [jvm.dll+0x870394]
V  [jvm.dll+0x8708d0]
V  [jvm.dll+0x870b63]
V  [jvm.dll+0x80fd28]
V  [jvm.dll+0x6d60fd]
C  [ucrtbase.dll+0x2cd30]
C  [KERNEL32.DLL+0x2e957]
C  [ntdll.dll+0x87c1c]

VM_Operation (0x0000003e344fe720): G1CollectForAllocation, mode: safepoint, requested by thread 0x000001c2616b8400


---------------  P R O C E S S  ---------------

Threads class SMR info:
_java_thread_list=0x000001c262a12af0, length=112, elements={
0x000001c23b8a46a0, 0x000001c25664ba10, 0x000001c25664dac0, 0x000001c25664e520,
0x000001c256675b70, 0x000001c25667fa30, 0x000001c256680490, 0x000001c256680ef0,
0x000001c256682420, 0x000001c25668af90, 0x000001c256811ee0, 0x000001c25b0a30e0,
0x000001c25b1d1ee0, 0x000001c25b12b410, 0x000001c25b3743c0, 0x000001c25d412100,
0x000001c25d7fd650, 0x000001c25d3eac10, 0x000001c25d860d90, 0x000001c25c665ff0,
0x000001c25c45c220, 0x000001c25ca2c1a0, 0x000001c25ca2b480, 0x000001c25ca2bb10,
0x000001c25ca2adf0, 0x000001c25ca2cec0, 0x000001c25ca2d550, 0x000001c25ca2dbe0,
0x000001c260388e50, 0x000001c260386d80, 0x000001c260387aa0, 0x000001c2603887c0,
0x000001c2603894e0, 0x000001c26038a200, 0x000001c260389b70, 0x000001c2604fa700,
0x000001c2604fc140, 0x000001c2604fad90, 0x000001c2604fbab0, 0x000001c2604fd4f0,
0x000001c2604fb420, 0x000001c2604fce60, 0x000001c2604fa070, 0x000001c2604ff5c0,
0x000001c2604fdb80, 0x000001c2604fef30, 0x000001c2604fc7d0, 0x000001c2604ffc50,
0x000001c2605002e0, 0x000001c2604fe8a0, 0x000001c260500970, 0x000001c260501000,
0x000001c260501690, 0x000001c2604fe210, 0x000001c25b3297f0, 0x000001c25b329160,
0x000001c25b327db0, 0x000001c25b327090, 0x000001c25b327720, 0x000001c25b329e80,
0x000001c25b328ad0, 0x000001c25b328440, 0x000001c25b326a00, 0x000001c25b32a510,
0x000001c25b32bf50, 0x000001c25b32d300, 0x000001c25b32d990, 0x000001c25b32b8c0,
0x000001c25b32e020, 0x000001c25b32b230, 0x000001c25b32cc70, 0x000001c25b32aba0,
0x000001c26217d310, 0x000001c26217ed50, 0x000001c26217d9a0, 0x000001c26217b8d0,
0x000001c26217e030, 0x000001c26217c5f0, 0x000001c26217e6c0, 0x000001c26217cc80,
0x000001c2621814b0, 0x000001c262180100, 0x000001c262180790, 0x000001c2619fefd0,
0x000001c2619ff660, 0x000001c25b32c5e0, 0x000001c2616b69c0, 0x000001c2616b5610,
0x000001c2616b6330, 0x000001c2616b48f0, 0x000001c2616b5ca0, 0x000001c2616b7050,
0x000001c2616b76e0, 0x000001c2616b7d70, 0x000001c2616b8400, 0x000001c2616b4f80,
0x000001c2616b9e40, 0x000001c2616b8a90, 0x000001c2616bb880, 0x000001c2616b9120,
0x000001c2616bab60, 0x000001c2616b97b0, 0x000001c2616ba4d0, 0x000001c2616bb1f0,
0x000001c2619f9a80, 0x000001c2619fc1e0, 0x000001c2619fc870, 0x000001c2619fd590,
0x000001c2619fbb50, 0x000001c2619fa110, 0x000001c2619fdc20, 0x000001c2619fa7a0
}

Java Threads: ( => current thread )
  0x000001c23b8a46a0 JavaThread "main"                              [_thread_blocked, id=30076, stack(0x0000003e2ce00000,0x0000003e2cf00000) (1024K)]
  0x000001c25664ba10 JavaThread "Common-Cleaner"             daemon [_thread_blocked, id=22852, stack(0x0000003e2d600000,0x0000003e2d700000) (1024K)]
  0x000001c25664dac0 JavaThread "Reference Handler"          daemon [_thread_blocked, id=28456, stack(0x0000003e2d700000,0x0000003e2d800000) (1024K)]
  0x000001c25664e520 JavaThread "Finalizer"                  daemon [_thread_blocked, id=28236, stack(0x0000003e2d800000,0x0000003e2d900000) (1024K)]
  0x000001c256675b70 JavaThread "Signal Dispatcher"          daemon [_thread_blocked, id=22284, stack(0x0000003e2d900000,0x0000003e2da00000) (1024K)]
  0x000001c25667fa30 JavaThread "Attach Listener"            daemon [_thread_blocked, id=29772, stack(0x0000003e2da00000,0x0000003e2db00000) (1024K)]
  0x000001c256680490 JavaThread "Service Thread"             daemon [_thread_blocked, id=12908, stack(0x0000003e2db00000,0x0000003e2dc00000) (1024K)]
  0x000001c256680ef0 JavaThread "Monitor Deflation Thread"   daemon [_thread_blocked, id=27616, stack(0x0000003e2dc00000,0x0000003e2dd00000) (1024K)]
  0x000001c256682420 JavaThread "C2 CompilerThread0"         daemon [_thread_blocked, id=7016, stack(0x0000003e2dd00000,0x0000003e2de00000) (1024K)]
  0x000001c25668af90 JavaThread "C1 CompilerThread0"         daemon [_thread_blocked, id=31464, stack(0x0000003e2de00000,0x0000003e2df00000) (1024K)]
  0x000001c256811ee0 JavaThread "C1 CompilerThread1"         daemon [_thread_blocked, id=30180, stack(0x0000003e2df00000,0x0000003e2e000000) (1024K)]
  0x000001c25b0a30e0 JavaThread "Notification Thread"        daemon [_thread_blocked, id=29028, stack(0x0000003e2e000000,0x0000003e2e100000) (1024K)]
  0x000001c25b1d1ee0 JavaThread "C2 CompilerThread1"         daemon [_thread_blocked, id=21076, stack(0x0000003e2e100000,0x0000003e2e200000) (1024K)]
  0x000001c25b12b410 JavaThread "C1 CompilerThread2"         daemon [_thread_blocked, id=968, stack(0x0000003e2e200000,0x0000003e2e300000) (1024K)]
  0x000001c25b3743c0 JavaThread "C1 CompilerThread3"         daemon [_thread_blocked, id=19092, stack(0x0000003e2e300000,0x0000003e2e400000) (1024K)]
  0x000001c25d412100 JavaThread "Daemon health stats"               [_thread_blocked, id=3652, stack(0x0000003e2e800000,0x0000003e2e900000) (1024K)]
  0x000001c25d7fd650 JavaThread "Incoming local TCP Connector on port 64493"        [_thread_in_native, id=3012, stack(0x0000003e2e900000,0x0000003e2ea00000) (1024K)]
  0x000001c25d3eac10 JavaThread "Daemon periodic checks"            [_thread_blocked, id=5980, stack(0x0000003e2ea00000,0x0000003e2eb00000) (1024K)]
  0x000001c25d860d90 JavaThread "Daemon"                            [_thread_blocked, id=20548, stack(0x0000003e2eb00000,0x0000003e2ec00000) (1024K)]
  0x000001c25c665ff0 JavaThread "Handler for socket connection from /127.0.0.1:64493 to /127.0.0.1:64494"        [_thread_in_native, id=22220, stack(0x0000003e2ec00000,0x0000003e2ed00000) (1024K)]
  0x000001c25c45c220 JavaThread "Cancel handler"                    [_thread_blocked, id=29224, stack(0x0000003e2f900000,0x0000003e2fa00000) (1024K)]
  0x000001c25ca2c1a0 JavaThread "Daemon worker"                     [_thread_blocked, id=6588, stack(0x0000003e2fa00000,0x0000003e2fb00000) (1024K)]
  0x000001c25ca2b480 JavaThread "Asynchronous log dispatcher for DefaultDaemonConnection: socket connection from /127.0.0.1:64493 to /127.0.0.1:64494"        [_thread_blocked, id=22508, stack(0x0000003e2fb00000,0x0000003e2fc00000) (1024K)]
  0x000001c25ca2bb10 JavaThread "Stdin handler"                     [_thread_blocked, id=32024, stack(0x0000003e2fc00000,0x0000003e2fd00000) (1024K)]
  0x000001c25ca2adf0 JavaThread "Daemon client event forwarder"        [_thread_blocked, id=31988, stack(0x0000003e2fd00000,0x0000003e2fe00000) (1024K)]
  0x000001c25ca2cec0 JavaThread "Cache worker for journal cache (C:\Users\Equipo-6\.gradle\caches\journal-1)"        [_thread_blocked, id=23684, stack(0x0000003e2fe00000,0x0000003e2ff00000) (1024K)]
  0x000001c25ca2d550 JavaThread "File lock request listener"        [_thread_in_native, id=31480, stack(0x0000003e2ff00000,0x0000003e30000000) (1024K)]
  0x000001c25ca2dbe0 JavaThread "Cache worker for file hash cache (C:\Users\Equipo-6\.gradle\caches\9.4.1\fileHashes)"        [_thread_blocked, id=31824, stack(0x0000003e30000000,0x0000003e30100000) (1024K)]
  0x000001c260388e50 JavaThread "Cache worker for file hash cache (C:\Users\Equipo-6\AndroidStudioProjects\MonitoreoTp\.gradle\9.4.1\fileHashes)"        [_thread_blocked, id=29964, stack(0x0000003e30200000,0x0000003e30300000) (1024K)]
  0x000001c260386d80 JavaThread "Cache worker for checksums cache (C:\Users\Equipo-6\AndroidStudioProjects\MonitoreoTp\.gradle\9.4.1\checksums)"        [_thread_blocked, id=13448, stack(0x0000003e30300000,0x0000003e30400000) (1024K)]
  0x000001c260387aa0 JavaThread "Cache worker for Build Output Cleanup Cache (C:\Users\Equipo-6\AndroidStudioProjects\MonitoreoTp\.gradle\buildOutputCleanup)"        [_thread_blocked, id=27628, stack(0x0000003e30400000,0x0000003e30500000) (1024K)]
  0x000001c2603887c0 JavaThread "Cache worker for file content cache (C:\Users\Equipo-6\.gradle\caches\9.4.1\fileContent)"        [_thread_blocked, id=11944, stack(0x0000003e30500000,0x0000003e30600000) (1024K)]
  0x000001c2603894e0 JavaThread "File watcher server"        daemon [_thread_blocked, id=26648, stack(0x0000003e30600000,0x0000003e30700000) (1024K)]
  0x000001c26038a200 JavaThread "File watcher consumer"      daemon [_thread_blocked, id=26544, stack(0x0000003e30700000,0x0000003e30800000) (1024K)]
  0x000001c260389b70 JavaThread "Cache worker for cache directory md-supplier (C:\Users\Equipo-6\.gradle\caches\9.4.1\md-supplier)"        [_thread_blocked, id=29908, stack(0x0000003e30800000,0x0000003e30900000) (1024K)]
  0x000001c2604fa700 JavaThread "Cache worker for cache directory md-rule (C:\Users\Equipo-6\.gradle\caches\9.4.1\md-rule)"        [_thread_blocked, id=8376, stack(0x0000003e30900000,0x0000003e30a00000) (1024K)]
  0x000001c2604fc140 JavaThread "build event listener"              [_thread_blocked, id=23768, stack(0x0000003e30b00000,0x0000003e30c00000) (1024K)]
  0x000001c2604fad90 JavaThread "build event listener"              [_thread_blocked, id=6636, stack(0x0000003e30c00000,0x0000003e30d00000) (1024K)]
  0x000001c2604fbab0 JavaThread "Build operations"                  [_thread_blocked, id=2592, stack(0x0000003e30d00000,0x0000003e30e00000) (1024K)]
  0x000001c2604fd4f0 JavaThread "Memory manager"                    [_thread_blocked, id=29244, stack(0x0000003e30a00000,0x0000003e30b00000) (1024K)]
  0x000001c2604fb420 JavaThread "included builds"                   [_thread_blocked, id=14308, stack(0x0000003e30e00000,0x0000003e30f00000) (1024K)]
  0x000001c2604fce60 JavaThread "Execution worker"                  [_thread_blocked, id=25416, stack(0x0000003e30f00000,0x0000003e31000000) (1024K)]
  0x000001c2604fa070 JavaThread "Execution worker Thread 2"         [_thread_blocked, id=29628, stack(0x0000003e31000000,0x0000003e31100000) (1024K)]
  0x000001c2604ff5c0 JavaThread "Execution worker Thread 3"         [_thread_blocked, id=30292, stack(0x0000003e31100000,0x0000003e31200000) (1024K)]
  0x000001c2604fdb80 JavaThread "Execution worker Thread 4"         [_thread_blocked, id=1960, stack(0x0000003e31200000,0x0000003e31300000) (1024K)]
  0x000001c2604fef30 JavaThread "Execution worker Thread 5"         [_thread_blocked, id=25384, stack(0x0000003e31300000,0x0000003e31400000) (1024K)]
  0x000001c2604fc7d0 JavaThread "Execution worker Thread 6"         [_thread_blocked, id=22820, stack(0x0000003e31400000,0x0000003e31500000) (1024K)]
  0x000001c2604ffc50 JavaThread "Execution worker Thread 7"         [_thread_blocked, id=25612, stack(0x0000003e31500000,0x0000003e31600000) (1024K)]
  0x000001c2605002e0 JavaThread "Execution worker Thread 8"         [_thread_blocked, id=11420, stack(0x0000003e31600000,0x0000003e31700000) (1024K)]
  0x000001c2604fe8a0 JavaThread "Execution worker Thread 9"         [_thread_blocked, id=26840, stack(0x0000003e31700000,0x0000003e31800000) (1024K)]
  0x000001c260500970 JavaThread "Execution worker Thread 10"        [_thread_blocked, id=1508, stack(0x0000003e31800000,0x0000003e31900000) (1024K)]
  0x000001c260501000 JavaThread "Execution worker Thread 11"        [_thread_blocked, id=23280, stack(0x0000003e31900000,0x0000003e31a00000) (1024K)]
  0x000001c260501690 JavaThread "Execution worker Thread 12"        [_thread_blocked, id=19312, stack(0x0000003e31a00000,0x0000003e31b00000) (1024K)]
  0x000001c2604fe210 JavaThread "Execution worker Thread 13"        [_thread_blocked, id=32720, stack(0x0000003e31b00000,0x0000003e31c00000) (1024K)]
  0x000001c25b3297f0 JavaThread "Execution worker Thread 14"        [_thread_blocked, id=27276, stack(0x0000003e31c00000,0x0000003e31d00000) (1024K)]
  0x000001c25b329160 JavaThread "Execution worker Thread 15"        [_thread_blocked, id=9356, stack(0x0000003e31d00000,0x0000003e31e00000) (1024K)]
  0x000001c25b327db0 JavaThread "Execution worker Thread 16"        [_thread_blocked, id=28508, stack(0x0000003e31e00000,0x0000003e31f00000) (1024K)]
  0x000001c25b327090 JavaThread "Execution worker Thread 17"        [_thread_blocked, id=23908, stack(0x0000003e31f00000,0x0000003e32000000) (1024K)]
  0x000001c25b327720 JavaThread "Execution worker Thread 18"        [_thread_blocked, id=29360, stack(0x0000003e32000000,0x0000003e32100000) (1024K)]
  0x000001c25b329e80 JavaThread "Execution worker Thread 19"        [_thread_blocked, id=17088, stack(0x0000003e32100000,0x0000003e32200000) (1024K)]
  0x000001c25b328ad0 JavaThread "Cache worker for execution history cache (C:\Users\Equipo-6\AndroidStudioProjects\MonitoreoTp\.gradle\9.4.1\executionHistory)"        [_thread_blocked, id=32648, stack(0x0000003e32200000,0x0000003e32300000) (1024K)]
  0x000001c25b328440 JavaThread "Build operations Thread 2"         [_thread_blocked, id=22752, stack(0x0000003e32300000,0x0000003e32400000) (1024K)]
  0x000001c25b326a00 JavaThread "Build operations Thread 6"         [_thread_blocked, id=23928, stack(0x0000003e32400000,0x0000003e32500000) (1024K)]
  0x000001c25b32a510 JavaThread "Build operations Thread 4"         [_thread_blocked, id=21108, stack(0x0000003e32500000,0x0000003e32600000) (1024K)]
  0x000001c25b32bf50 JavaThread "Build operations Thread 5"         [_thread_blocked, id=21048, stack(0x0000003e32600000,0x0000003e32700000) (1024K)]
  0x000001c25b32d300 JavaThread "Build operations Thread 3"         [_thread_blocked, id=21344, stack(0x0000003e32700000,0x0000003e32800000) (1024K)]
  0x000001c25b32d990 JavaThread "Build operations Thread 7"         [_thread_blocked, id=25032, stack(0x0000003e32800000,0x0000003e32900000) (1024K)]
  0x000001c25b32b8c0 JavaThread "Build operations Thread 10"        [_thread_blocked, id=27280, stack(0x0000003e32900000,0x0000003e32a00000) (1024K)]
  0x000001c25b32e020 JavaThread "Build operations Thread 11"        [_thread_blocked, id=32636, stack(0x0000003e32a00000,0x0000003e32b00000) (1024K)]
  0x000001c25b32b230 JavaThread "Build operations Thread 8"         [_thread_blocked, id=15128, stack(0x0000003e32b00000,0x0000003e32c00000) (1024K)]
  0x000001c25b32cc70 JavaThread "Build operations Thread 9"         [_thread_blocked, id=27812, stack(0x0000003e32c00000,0x0000003e32d00000) (1024K)]
  0x000001c25b32aba0 JavaThread "Build operations Thread 12"        [_thread_blocked, id=9280, stack(0x0000003e32d00000,0x0000003e32e00000) (1024K)]
  0x000001c26217d310 JavaThread "Build operations Thread 17"        [_thread_blocked, id=25112, stack(0x0000003e32e00000,0x0000003e32f00000) (1024K)]
  0x000001c26217ed50 JavaThread "Build operations Thread 16"        [_thread_blocked, id=3040, stack(0x0000003e32f00000,0x0000003e33000000) (1024K)]
  0x000001c26217d9a0 JavaThread "Build operations Thread 14"        [_thread_blocked, id=30728, stack(0x0000003e33000000,0x0000003e33100000) (1024K)]
  0x000001c26217b8d0 JavaThread "Build operations Thread 13"        [_thread_blocked, id=6032, stack(0x0000003e33100000,0x0000003e33200000) (1024K)]
  0x000001c26217e030 JavaThread "Build operations Thread 18"        [_thread_blocked, id=29676, stack(0x0000003e33200000,0x0000003e33300000) (1024K)]
  0x000001c26217c5f0 JavaThread "Build operations Thread 15"        [_thread_blocked, id=14228, stack(0x0000003e33300000,0x0000003e33400000) (1024K)]
  0x000001c26217e6c0 JavaThread "Build operations Thread 19"        [_thread_blocked, id=32016, stack(0x0000003e33400000,0x0000003e33500000) (1024K)]
  0x000001c26217cc80 JavaThread "Build operations Thread 20"        [_thread_blocked, id=16204, stack(0x0000003e33500000,0x0000003e33600000) (1024K)]
  0x000001c2621814b0 JavaThread "WorkerExecutor Queue"              [_thread_blocked, id=11628, stack(0x0000003e33600000,0x0000003e33700000) (1024K)]
  0x000001c262180100 JavaThread "WorkerExecutor Queue Thread 2"        [_thread_blocked, id=4812, stack(0x0000003e33700000,0x0000003e33800000) (1024K)]
  0x000001c262180790 JavaThread "WorkerExecutor Queue Thread 3"        [_thread_blocked, id=13428, stack(0x0000003e33800000,0x0000003e33900000) (1024K)]
  0x000001c2619fefd0 JavaThread "WorkerExecutor Queue Thread 4"        [_thread_in_native, id=19984, stack(0x0000003e33900000,0x0000003e33a00000) (1024K)]
  0x000001c2619ff660 JavaThread "WorkerExecutor Queue Thread 5"        [_thread_blocked, id=30896, stack(0x0000003e33a00000,0x0000003e33b00000) (1024K)]
  0x000001c25b32c5e0 JavaThread "pool-2-thread-1"                   [_thread_blocked, id=19828, stack(0x0000003e33b00000,0x0000003e33c00000) (1024K)]
  0x000001c2616b69c0 JavaThread "RMI Scheduler(0)"           daemon [_thread_blocked, id=11364, stack(0x0000003e33c00000,0x0000003e33d00000) (1024K)]
  0x000001c2616b5610 JavaThread "RMI RenewClean-[127.0.0.1:17387,org.jetbrains.kotlin.daemon.common.LoopbackNetworkInterface$ClientLoopbackSocketFactory@552e1fc8]" daemon [_thread_blocked, id=32248, stack(0x0000003e33d00000,0x0000003e33e00000) (1024K)]
  0x000001c2616b6330 JavaThread "RMI GC Daemon"              daemon [_thread_blocked, id=27752, stack(0x0000003e33e00000,0x0000003e33f00000) (1024K)]
  0x000001c2616b48f0 JavaThread "RMI TCP Accept-0"           daemon [_thread_in_native, id=2964, stack(0x0000003e33f00000,0x0000003e34000000) (1024K)]
  0x000001c2616b5ca0 JavaThread "RMI Reaper"                        [_thread_blocked, id=15724, stack(0x0000003e34000000,0x0000003e34100000) (1024K)]
  0x000001c2616b7050 JavaThread "RMI TCP Connection(1)-127.0.0.1" daemon [_thread_in_native, id=30304, stack(0x0000003e34100000,0x0000003e34200000) (1024K)]
  0x000001c2616b76e0 JavaThread "ForkJoinPool-1-worker-1"    daemon [_thread_blocked, id=32236, stack(0x0000003e34200000,0x0000003e34300000) (1024K)]
  0x000001c2616b7d70 JavaThread "ForkJoinPool-1-worker-2"    daemon [_thread_blocked, id=3524, stack(0x0000003e34300000,0x0000003e34400000) (1024K)]
  0x000001c2616b8400 JavaThread "ForkJoinPool-1-worker-3"    daemon [_thread_blocked, id=30084, stack(0x0000003e34400000,0x0000003e34500000) (1024K)]
  0x000001c2616b4f80 JavaThread "ForkJoinPool-1-worker-4"    daemon [_thread_blocked, id=15196, stack(0x0000003e34500000,0x0000003e34600000) (1024K)]
  0x000001c2616b9e40 JavaThread "ForkJoinPool-1-worker-5"    daemon [_thread_blocked, id=28340, stack(0x0000003e34600000,0x0000003e34700000) (1024K)]
  0x000001c2616b8a90 JavaThread "ForkJoinPool-1-worker-6"    daemon [_thread_blocked, id=28244, stack(0x0000003e34700000,0x0000003e34800000) (1024K)]
  0x000001c2616bb880 JavaThread "ForkJoinPool-1-worker-7"    daemon [_thread_blocked, id=5968, stack(0x0000003e34800000,0x0000003e34900000) (1024K)]
  0x000001c2616b9120 JavaThread "ForkJoinPool-1-worker-8"    daemon [_thread_blocked, id=32620, stack(0x0000003e34900000,0x0000003e34a00000) (1024K)]
  0x000001c2616bab60 JavaThread "ForkJoinPool-1-worker-9"    daemon [_thread_blocked, id=27052, stack(0x0000003e34a00000,0x0000003e34b00000) (1024K)]
  0x000001c2616b97b0 JavaThread "ForkJoinPool-1-worker-10"   daemon [_thread_blocked, id=19020, stack(0x0000003e34b00000,0x0000003e34c00000) (1024K)]
  0x000001c2616ba4d0 JavaThread "ForkJoinPool-1-worker-11"   daemon [_thread_blocked, id=32496, stack(0x0000003e34c00000,0x0000003e34d00000) (1024K)]
  0x000001c2616bb1f0 JavaThread "ForkJoinPool-1-worker-12"   daemon [_thread_blocked, id=12788, stack(0x0000003e34d00000,0x0000003e34e00000) (1024K)]
  0x000001c2619f9a80 JavaThread "ForkJoinPool-1-worker-13"   daemon [_thread_blocked, id=18828, stack(0x0000003e34e00000,0x0000003e34f00000) (1024K)]
  0x000001c2619fc1e0 JavaThread "ForkJoinPool-1-worker-15"   daemon [_thread_blocked, id=30480, stack(0x0000003e34f00000,0x0000003e35000000) (1024K)]
  0x000001c2619fc870 JavaThread "ForkJoinPool-1-worker-14"   daemon [_thread_blocked, id=29544, stack(0x0000003e35000000,0x0000003e35100000) (1024K)]
  0x000001c2619fd590 JavaThread "ForkJoinPool-1-worker-16"   daemon [_thread_blocked, id=17436, stack(0x0000003e35100000,0x0000003e35200000) (1024K)]
  0x000001c2619fbb50 JavaThread "ForkJoinPool-1-worker-17"   daemon [_thread_blocked, id=20328, stack(0x0000003e35200000,0x0000003e35300000) (1024K)]
  0x000001c2619fa110 JavaThread "ForkJoinPool-1-worker-18"   daemon [_thread_blocked, id=10624, stack(0x0000003e35300000,0x0000003e35400000) (1024K)]
  0x000001c2619fdc20 JavaThread "stderr"                            [_thread_in_native, id=30764, stack(0x0000003e35400000,0x0000003e35500000) (1024K)]
  0x000001c2619fa7a0 JavaThread "stdout"                            [_thread_in_native, id=15688, stack(0x0000003e35500000,0x0000003e35600000) (1024K)]
Total: 112

Other Threads:
=>0x000001c25634e730 VMThread "VM Thread"                           [id=29992, stack(0x0000003e2d500000,0x0000003e2d600000) (1024K)]
  0x000001c256328760 WatcherThread "VM Periodic Task Thread"        [id=25316, stack(0x0000003e2d400000,0x0000003e2d500000) (1024K)]
  0x000001c23b96e060 WorkerThread "GC Thread#0"                     [id=20200, stack(0x0000003e2cf00000,0x0000003e2d000000) (1024K)]
  0x000001c25ba544e0 WorkerThread "GC Thread#1"                     [id=31280, stack(0x0000003e2e400000,0x0000003e2e500000) (1024K)]
  0x000001c25bb33ac0 WorkerThread "GC Thread#2"                     [id=26368, stack(0x0000003e2e500000,0x0000003e2e600000) (1024K)]
  0x000001c25b99d410 WorkerThread "GC Thread#3"                     [id=24588, stack(0x0000003e2e600000,0x0000003e2e700000) (1024K)]
  0x000001c25c064ab0 WorkerThread "GC Thread#4"                     [id=21316, stack(0x0000003e2e700000,0x0000003e2e800000) (1024K)]
  0x000001c25c6ca6a0 WorkerThread "GC Thread#5"                     [id=27436, stack(0x0000003e2ed00000,0x0000003e2ee00000) (1024K)]
  0x000001c25c6cb560 WorkerThread "GC Thread#6"                     [id=31164, stack(0x0000003e2ee00000,0x0000003e2ef00000) (1024K)]
  0x000001c25c6cb1b0 WorkerThread "GC Thread#7"                     [id=32724, stack(0x0000003e2ef00000,0x0000003e2f000000) (1024K)]
  0x000001c25c6cb910 WorkerThread "GC Thread#8"                     [id=3348, stack(0x0000003e2f000000,0x0000003e2f100000) (1024K)]
  0x000001c25c6caa50 WorkerThread "GC Thread#9"                     [id=31228, stack(0x0000003e2f100000,0x0000003e2f200000) (1024K)]
  0x000001c25c6cbcc0 WorkerThread "GC Thread#10"                    [id=28892, stack(0x0000003e2f200000,0x0000003e2f300000) (1024K)]
  0x000001c25c6cae00 WorkerThread "GC Thread#11"                    [id=19872, stack(0x0000003e2f300000,0x0000003e2f400000) (1024K)]
  0x000001c25c6cc070 WorkerThread "GC Thread#12"                    [id=20800, stack(0x0000003e2f400000,0x0000003e2f500000) (1024K)]
  0x000001c25dc31030 WorkerThread "GC Thread#13"                    [id=32224, stack(0x0000003e2f500000,0x0000003e2f600000) (1024K)]
  0x000001c25dc31b40 WorkerThread "GC Thread#14"                    [id=17728, stack(0x0000003e30100000,0x0000003e30200000) (1024K)]
  0x000001c23dda6600 ConcurrentGCThread "G1 Main Marker"            [id=25992, stack(0x0000003e2d000000,0x0000003e2d100000) (1024K)]
  0x000001c23dda8bb0 WorkerThread "G1 Conc#0"                       [id=20492, stack(0x0000003e2d100000,0x0000003e2d200000) (1024K)]
  0x000001c25dc2fa10 WorkerThread "G1 Conc#1"                       [id=24632, stack(0x0000003e2f600000,0x0000003e2f700000) (1024K)]
  0x000001c25dc2fdc0 WorkerThread "G1 Conc#2"                       [id=24844, stack(0x0000003e2f700000,0x0000003e2f800000) (1024K)]
  0x000001c25dc2f660 WorkerThread "G1 Conc#3"                       [id=14504, stack(0x0000003e2f800000,0x0000003e2f900000) (1024K)]
  0x000001c2561f28e0 ConcurrentGCThread "G1 Refine#0"               [id=29760, stack(0x0000003e2d200000,0x0000003e2d300000) (1024K)]
  0x000001c2561f3210 ConcurrentGCThread "G1 Service"                [id=29936, stack(0x0000003e2d300000,0x0000003e2d400000) (1024K)]
Total: 24

Threads with active compile tasks:
C2 CompilerThread0  11434 12595       4       com.android.tools.r8.graph.i2::<init> (158 bytes)
C2 CompilerThread1  11434 12594       4       com.android.tools.r8.graph.i2::<init> (21 bytes)
Total: 2

VM state: at safepoint (normal execution)

VM Mutex/Monitor currently owned by a thread:  ([mutex/lock_event])
[0x00007ffc558386d0] Threads_lock - owner thread: 0x000001c25634e730
[0x00007ffc558387d0] Heap_lock - owner thread: 0x000001c2616b8400

Heap address: 0x0000000080000000, size: 2048 MB, Compressed Oops mode: 32-bit

CDS archive(s) not mapped
Compressed class space mapped at: 0x0000000100000000-0x0000000140000000, reserved size: 1073741824
Narrow klass base: 0x0000000000000000, Narrow klass shift: 3, Narrow klass range: 0x140000000

GC Precious Log:
 CardTable entry size: 512
 Card Set container configuration: InlinePtr #cards 5 size 8 Array Of Cards #cards 12 size 40 Howl #buckets 4 coarsen threshold 1843 Howl Bitmap #cards 512 size 80 coarsen threshold 460 Card regions per heap region 1 cards per card region 2048
 CPUs: 20 total, 20 available
 Memory: 7830M
 Large Page Support: Disabled
 NUMA Support: Disabled
 Compressed Oops: Enabled (32-bit)
 Heap Region Size: 1M
 Heap Min Capacity: 8M
 Heap Initial Capacity: 124M
 Heap Max Capacity: 2G
 Pre-touch: Disabled
 Parallel Workers: 15
 Concurrent Workers: 4
 Concurrent Refinement Workers: 15
 Periodic GC: Disabled

Heap:
 garbage-first heap   total 930816K, used 580532K [0x0000000080000000, 0x0000000100000000)
  region size 1024K, 6 young (6144K), 6 survivors (6144K)
 Metaspace       used 101931K, committed 104000K, reserved 1179648K
  class space    used 14541K, committed 15616K, reserved 1048576K

Heap Regions: E=young(eden), S=young(survivor), O=old, HS=humongous(starts), HC=humongous(continues), CS=collection set, F=free, TAMS=top-at-mark-start, PB=parsable bottom
|   0|0x0000000080000000, 0x0000000080100000, 0x0000000080100000|100%|HS|  |TAMS 0x0000000080100000| PB 0x0000000080000000| Complete 
|   1|0x0000000080100000, 0x0000000080200000, 0x0000000080200000|100%|HC|  |TAMS 0x0000000080200000| PB 0x0000000080100000| Complete 
|   2|0x0000000080200000, 0x0000000080300000, 0x0000000080300000|100%|HC|  |TAMS 0x0000000080300000| PB 0x0000000080200000| Complete 
|   3|0x0000000080300000, 0x0000000080400000, 0x0000000080400000|100%|HC|  |TAMS 0x0000000080400000| PB 0x0000000080300000| Complete 
|   4|0x0000000080400000, 0x0000000080500000, 0x0000000080500000|100%| O|  |TAMS 0x0000000080500000| PB 0x0000000080400000| Untracked 
|   5|0x0000000080500000, 0x0000000080600000, 0x0000000080600000|100%| O|  |TAMS 0x0000000080600000| PB 0x0000000080500000| Untracked 
|   6|0x0000000080600000, 0x0000000080700000, 0x0000000080700000|100%| O|  |TAMS 0x0000000080700000| PB 0x0000000080600000| Untracked 
|   7|0x0000000080700000, 0x0000000080800000, 0x0000000080800000|100%| O|  |TAMS 0x0000000080800000| PB 0x0000000080700000| Updating 
|   8|0x0000000080800000, 0x0000000080900000, 0x0000000080900000|100%| O|  |TAMS 0x0000000080900000| PB 0x0000000080800000| Untracked 
|   9|0x0000000080900000, 0x0000000080a00000, 0x0000000080a00000|100%| O|  |TAMS 0x0000000080a00000| PB 0x0000000080900000| Untracked 
|  10|0x0000000080a00000, 0x0000000080b00000, 0x0000000080b00000|100%| O|  |TAMS 0x0000000080b00000| PB 0x0000000080a00000| Untracked 
|  11|0x0000000080b00000, 0x0000000080c00000, 0x0000000080c00000|100%|HS|  |TAMS 0x0000000080c00000| PB 0x0000000080b00000| Complete 
|  12|0x0000000080c00000, 0x0000000080d00000, 0x0000000080d00000|100%| O|  |TAMS 0x0000000080d00000| PB 0x0000000080c00000| Updating 
|  13|0x0000000080d00000, 0x0000000080e00000, 0x0000000080e00000|100%|HS|  |TAMS 0x0000000080e00000| PB 0x0000000080d00000| Complete 
|  14|0x0000000080e00000, 0x0000000080f00000, 0x0000000080f00000|100%| O|  |TAMS 0x0000000080f00000| PB 0x0000000080e00000| Updating 
|  15|0x0000000080f00000, 0x0000000081000000, 0x0000000081000000|100%|HS|  |TAMS 0x0000000081000000| PB 0x0000000080f00000| Complete 
|  16|0x0000000081000000, 0x0000000081100000, 0x0000000081100000|100%|HS|  |TAMS 0x0000000081100000| PB 0x0000000081000000| Complete 
|  17|0x0000000081100000, 0x0000000081200000, 0x0000000081200000|100%|HS|  |TAMS 0x0000000081200000| PB 0x0000000081100000| Complete 
|  18|0x0000000081200000, 0x0000000081300000, 0x0000000081300000|100%|HC|  |TAMS 0x0000000081300000| PB 0x0000000081200000| Complete 
|  19|0x0000000081300000, 0x0000000081400000, 0x0000000081400000|100%|HS|  |TAMS 0x0000000081400000| PB 0x0000000081300000| Complete 
|  20|0x0000000081400000, 0x0000000081500000, 0x0000000081500000|100%|HS|  |TAMS 0x0000000081500000| PB 0x0000000081400000| Complete 
|  21|0x0000000081500000, 0x0000000081600000, 0x0000000081600000|100%|HC|  |TAMS 0x0000000081600000| PB 0x0000000081500000| Complete 
|  22|0x0000000081600000, 0x0000000081700000, 0x0000000081700000|100%| O|  |TAMS 0x0000000081700000| PB 0x0000000081600000| Untracked 
|  23|0x0000000081700000, 0x0000000081800000, 0x0000000081800000|100%| O|  |TAMS 0x0000000081800000| PB 0x0000000081700000| Untracked 
|  24|0x0000000081800000, 0x0000000081900000, 0x0000000081900000|100%| O|  |TAMS 0x0000000081900000| PB 0x0000000081800000| Untracked 
|  25|0x0000000081900000, 0x0000000081a00000, 0x0000000081a00000|100%| O|  |TAMS 0x0000000081a00000| PB 0x0000000081900000| Untracked 
|  26|0x0000000081a00000, 0x0000000081b00000, 0x0000000081b00000|100%| O|  |TAMS 0x0000000081b00000| PB 0x0000000081a00000| Untracked 
|  27|0x0000000081b00000, 0x0000000081c00000, 0x0000000081c00000|100%| O|  |TAMS 0x0000000081c00000| PB 0x0000000081b00000| Untracked 
|  28|0x0000000081c00000, 0x0000000081d00000, 0x0000000081d00000|100%| O|  |TAMS 0x0000000081d00000| PB 0x0000000081c00000| Untracked 
|  29|0x0000000081d00000, 0x0000000081e00000, 0x0000000081e00000|100%| O|  |TAMS 0x0000000081e00000| PB 0x0000000081d00000| Untracked 
|  30|0x0000000081e00000, 0x0000000081f00000, 0x0000000081f00000|100%|HS|  |TAMS 0x0000000081f00000| PB 0x0000000081e00000| Complete 
|  31|0x0000000081f00000, 0x0000000082000000, 0x0000000082000000|100%|HS|  |TAMS 0x0000000082000000| PB 0x0000000081f00000| Complete 
|  32|0x0000000082000000, 0x0000000082100000, 0x0000000082100000|100%| O|  |TAMS 0x0000000082100000| PB 0x0000000082000000| Untracked 
|  33|0x0000000082100000, 0x0000000082200000, 0x0000000082200000|100%| O|  |TAMS 0x0000000082200000| PB 0x0000000082100000| Untracked 
|  34|0x0000000082200000, 0x0000000082300000, 0x0000000082300000|100%| O|  |TAMS 0x0000000082300000| PB 0x0000000082200000| Untracked 
|  35|0x0000000082300000, 0x0000000082400000, 0x0000000082400000|100%| O|  |TAMS 0x0000000082400000| PB 0x0000000082300000| Updating 
|  36|0x0000000082400000, 0x0000000082500000, 0x0000000082500000|100%| O|  |TAMS 0x0000000082500000| PB 0x0000000082400000| Untracked 
|  37|0x0000000082500000, 0x0000000082600000, 0x0000000082600000|100%| O|  |TAMS 0x0000000082600000| PB 0x0000000082500000| Untracked 
|  38|0x0000000082600000, 0x0000000082700000, 0x0000000082700000|100%| O|  |TAMS 0x0000000082700000| PB 0x0000000082600000| Untracked 
|  39|0x0000000082700000, 0x0000000082800000, 0x0000000082800000|100%| O|  |TAMS 0x0000000082800000| PB 0x0000000082700000| Untracked 
|  40|0x0000000082800000, 0x0000000082900000, 0x0000000082900000|100%| O|  |TAMS 0x0000000082900000| PB 0x0000000082800000| Untracked 
|  41|0x0000000082900000, 0x0000000082a00000, 0x0000000082a00000|100%| O|  |TAMS 0x0000000082a00000| PB 0x0000000082900000| Untracked 
|  42|0x0000000082a00000, 0x0000000082b00000, 0x0000000082b00000|100%| O|  |TAMS 0x0000000082b00000| PB 0x0000000082a00000| Untracked 
|  43|0x0000000082b00000, 0x0000000082c00000, 0x0000000082c00000|100%| O|  |TAMS 0x0000000082c00000| PB 0x0000000082b00000| Untracked 
|  44|0x0000000082c00000, 0x0000000082d00000, 0x0000000082d00000|100%| O|  |TAMS 0x0000000082d00000| PB 0x0000000082c00000| Updating 
|  45|0x0000000082d00000, 0x0000000082e00000, 0x0000000082e00000|100%| O|  |TAMS 0x0000000082e00000| PB 0x0000000082d00000| Untracked 
|  46|0x0000000082e00000, 0x0000000082f00000, 0x0000000082f00000|100%| O|  |TAMS 0x0000000082f00000| PB 0x0000000082e00000| Untracked 
|  47|0x0000000082f00000, 0x0000000083000000, 0x0000000083000000|100%| O|  |TAMS 0x0000000083000000| PB 0x0000000082f00000| Updating 
|  48|0x0000000083000000, 0x0000000083100000, 0x0000000083100000|100%| O|  |TAMS 0x0000000083100000| PB 0x0000000083000000| Untracked 
|  49|0x0000000083100000, 0x0000000083200000, 0x0000000083200000|100%| O|  |TAMS 0x0000000083200000| PB 0x0000000083100000| Updating 
|  50|0x0000000083200000, 0x0000000083300000, 0x0000000083300000|100%| O|  |TAMS 0x0000000083300000| PB 0x0000000083200000| Updating 
|  51|0x0000000083300000, 0x0000000083400000, 0x0000000083400000|100%| O|  |TAMS 0x0000000083400000| PB 0x0000000083300000| Untracked 
|  52|0x0000000083400000, 0x0000000083500000, 0x0000000083500000|100%| O|  |TAMS 0x0000000083500000| PB 0x0000000083400000| Untracked 
|  53|0x0000000083500000, 0x0000000083600000, 0x0000000083600000|100%| O|  |TAMS 0x0000000083600000| PB 0x0000000083500000| Untracked 
|  54|0x0000000083600000, 0x0000000083700000, 0x0000000083700000|100%| O|  |TAMS 0x0000000083700000| PB 0x0000000083600000| Untracked 
|  55|0x0000000083700000, 0x0000000083800000, 0x0000000083800000|100%| O|  |TAMS 0x0000000083800000| PB 0x0000000083700000| Untracked 
|  56|0x0000000083800000, 0x0000000083900000, 0x0000000083900000|100%| O|  |TAMS 0x0000000083900000| PB 0x0000000083800000| Updating 
|  57|0x0000000083900000, 0x0000000083a00000, 0x0000000083a00000|100%| O|  |TAMS 0x0000000083900000| PB 0x0000000083900000| Untracked 
|  58|0x0000000083a00000, 0x0000000083b00000, 0x0000000083b00000|100%| O|  |TAMS 0x0000000083b00000| PB 0x0000000083a00000| Untracked 
|  59|0x0000000083b00000, 0x0000000083c00000, 0x0000000083c00000|100%| O|  |TAMS 0x0000000083c00000| PB 0x0000000083b00000| Untracked 
|  60|0x0000000083c00000, 0x0000000083d00000, 0x0000000083d00000|100%| O|  |TAMS 0x0000000083d00000| PB 0x0000000083c00000| Untracked 
|  61|0x0000000083d00000, 0x0000000083e00000, 0x0000000083e00000|100%|HS|  |TAMS 0x0000000083e00000| PB 0x0000000083d00000| Complete 
|  62|0x0000000083e00000, 0x0000000083f00000, 0x0000000083f00000|100%|HC|  |TAMS 0x0000000083f00000| PB 0x0000000083e00000| Complete 
|  63|0x0000000083f00000, 0x0000000084000000, 0x0000000084000000|100%| O|  |TAMS 0x0000000084000000| PB 0x0000000083f00000| Untracked 
|  64|0x0000000084000000, 0x0000000084100000, 0x0000000084100000|100%| O|  |TAMS 0x0000000084100000| PB 0x0000000084000000| Untracked 
|  65|0x0000000084100000, 0x0000000084200000, 0x0000000084200000|100%|HS|  |TAMS 0x0000000084200000| PB 0x0000000084100000| Complete 
|  66|0x0000000084200000, 0x0000000084300000, 0x0000000084300000|100%|HC|  |TAMS 0x0000000084300000| PB 0x0000000084200000| Complete 
|  67|0x0000000084300000, 0x0000000084400000, 0x0000000084400000|100%|HC|  |TAMS 0x0000000084400000| PB 0x0000000084300000| Complete 
|  68|0x0000000084400000, 0x0000000084500000, 0x0000000084500000|100%|HC|  |TAMS 0x0000000084500000| PB 0x0000000084400000| Complete 
|  69|0x0000000084500000, 0x0000000084600000, 0x0000000084600000|100%|HC|  |TAMS 0x0000000084600000| PB 0x0000000084500000| Complete 
|  70|0x0000000084600000, 0x0000000084700000, 0x0000000084700000|100%|HC|  |TAMS 0x0000000084700000| PB 0x0000000084600000| Complete 
|  71|0x0000000084700000, 0x0000000084800000, 0x0000000084800000|100%|HS|  |TAMS 0x0000000084800000| PB 0x0000000084700000| Complete 
|  72|0x0000000084800000, 0x0000000084900000, 0x0000000084900000|100%|HC|  |TAMS 0x0000000084900000| PB 0x0000000084800000| Complete 
|  73|0x0000000084900000, 0x0000000084a00000, 0x0000000084a00000|100%|HC|  |TAMS 0x0000000084a00000| PB 0x0000000084900000| Complete 
|  74|0x0000000084a00000, 0x0000000084b00000, 0x0000000084b00000|100%|HC|  |TAMS 0x0000000084b00000| PB 0x0000000084a00000| Complete 
|  75|0x0000000084b00000, 0x0000000084c00000, 0x0000000084c00000|100%|HC|  |TAMS 0x0000000084c00000| PB 0x0000000084b00000| Complete 
|  76|0x0000000084c00000, 0x0000000084d00000, 0x0000000084d00000|100%|HS|  |TAMS 0x0000000084d00000| PB 0x0000000084c00000| Complete 
|  77|0x0000000084d00000, 0x0000000084e00000, 0x0000000084e00000|100%|HS|  |TAMS 0x0000000084e00000| PB 0x0000000084d00000| Complete 
|  78|0x0000000084e00000, 0x0000000084f00000, 0x0000000084f00000|100%|HS|  |TAMS 0x0000000084f00000| PB 0x0000000084e00000| Complete 
|  79|0x0000000084f00000, 0x0000000085000000, 0x0000000085000000|100%|HS|  |TAMS 0x0000000085000000| PB 0x0000000084f00000| Complete 
|  80|0x0000000085000000, 0x0000000085100000, 0x0000000085100000|100%|HS|  |TAMS 0x0000000085100000| PB 0x0000000085000000| Complete 
|  81|0x0000000085100000, 0x0000000085200000, 0x0000000085200000|100%|HS|  |TAMS 0x0000000085200000| PB 0x0000000085100000| Complete 
|  82|0x0000000085200000, 0x0000000085300000, 0x0000000085300000|100%|HC|  |TAMS 0x0000000085300000| PB 0x0000000085200000| Complete 
|  83|0x0000000085300000, 0x0000000085400000, 0x0000000085400000|100%|HS|  |TAMS 0x0000000085400000| PB 0x0000000085300000| Complete 
|  84|0x0000000085400000, 0x0000000085500000, 0x0000000085500000|100%|HS|  |TAMS 0x0000000085500000| PB 0x0000000085400000| Complete 
|  85|0x0000000085500000, 0x0000000085600000, 0x0000000085600000|100%|HC|  |TAMS 0x0000000085600000| PB 0x0000000085500000| Complete 
|  86|0x0000000085600000, 0x0000000085700000, 0x0000000085700000|100%|HS|  |TAMS 0x0000000085700000| PB 0x0000000085600000| Complete 
|  87|0x0000000085700000, 0x0000000085800000, 0x0000000085800000|100%|HC|  |TAMS 0x0000000085800000| PB 0x0000000085700000| Complete 
|  88|0x0000000085800000, 0x0000000085900000, 0x0000000085900000|100%|HS|  |TAMS 0x0000000085900000| PB 0x0000000085800000| Complete 
|  89|0x0000000085900000, 0x0000000085a00000, 0x0000000085a00000|100%|HS|  |TAMS 0x0000000085a00000| PB 0x0000000085900000| Complete 
|  90|0x0000000085a00000, 0x0000000085b00000, 0x0000000085b00000|100%|HC|  |TAMS 0x0000000085b00000| PB 0x0000000085a00000| Complete 
|  91|0x0000000085b00000, 0x0000000085c00000, 0x0000000085c00000|100%|HS|  |TAMS 0x0000000085c00000| PB 0x0000000085b00000| Complete 
|  92|0x0000000085c00000, 0x0000000085d00000, 0x0000000085d00000|100%|HC|  |TAMS 0x0000000085d00000| PB 0x0000000085c00000| Complete 
|  93|0x0000000085d00000, 0x0000000085e00000, 0x0000000085e00000|100%|HC|  |TAMS 0x0000000085e00000| PB 0x0000000085d00000| Complete 
|  94|0x0000000085e00000, 0x0000000085f00000, 0x0000000085f00000|100%| O|  |TAMS 0x0000000085f00000| PB 0x0000000085e00000| Untracked 
|  95|0x0000000085f00000, 0x0000000086000000, 0x0000000086000000|100%| O|  |TAMS 0x0000000086000000| PB 0x0000000085f00000| Updating 
|  96|0x0000000086000000, 0x0000000086100000, 0x0000000086100000|100%|HS|  |TAMS 0x0000000086100000| PB 0x0000000086000000| Complete 
|  97|0x0000000086100000, 0x0000000086200000, 0x0000000086200000|100%|HC|  |TAMS 0x0000000086200000| PB 0x0000000086100000| Complete 
|  98|0x0000000086200000, 0x0000000086300000, 0x0000000086300000|100%|HC|  |TAMS 0x0000000086300000| PB 0x0000000086200000| Complete 
|  99|0x0000000086300000, 0x0000000086400000, 0x0000000086400000|100%|HC|  |TAMS 0x0000000086400000| PB 0x0000000086300000| Complete 
| 100|0x0000000086400000, 0x0000000086500000, 0x0000000086500000|100%|HC|  |TAMS 0x0000000086500000| PB 0x0000000086400000| Complete 
| 101|0x0000000086500000, 0x0000000086600000, 0x0000000086600000|100%|HC|  |TAMS 0x0000000086600000| PB 0x0000000086500000| Complete 
| 102|0x0000000086600000, 0x0000000086700000, 0x0000000086700000|100%|HC|  |TAMS 0x0000000086700000| PB 0x0000000086600000| Complete 
| 103|0x0000000086700000, 0x0000000086800000, 0x0000000086800000|100%|HC|  |TAMS 0x0000000086800000| PB 0x0000000086700000| Complete 
| 104|0x0000000086800000, 0x0000000086900000, 0x0000000086900000|100%|HC|  |TAMS 0x0000000086900000| PB 0x0000000086800000| Complete 
| 105|0x0000000086900000, 0x0000000086a00000, 0x0000000086a00000|100%|HC|  |TAMS 0x0000000086a00000| PB 0x0000000086900000| Complete 
| 106|0x0000000086a00000, 0x0000000086b00000, 0x0000000086b00000|100%|HC|  |TAMS 0x0000000086b00000| PB 0x0000000086a00000| Complete 
| 107|0x0000000086b00000, 0x0000000086c00000, 0x0000000086c00000|100%|HC|  |TAMS 0x0000000086c00000| PB 0x0000000086b00000| Complete 
| 108|0x0000000086c00000, 0x0000000086d00000, 0x0000000086d00000|100%|HC|  |TAMS 0x0000000086d00000| PB 0x0000000086c00000| Complete 
| 109|0x0000000086d00000, 0x0000000086e00000, 0x0000000086e00000|100%|HC|  |TAMS 0x0000000086e00000| PB 0x0000000086d00000| Complete 
| 110|0x0000000086e00000, 0x0000000086f00000, 0x0000000086f00000|100%|HC|  |TAMS 0x0000000086f00000| PB 0x0000000086e00000| Complete 
| 111|0x0000000086f00000, 0x0000000087000000, 0x0000000087000000|100%|HC|  |TAMS 0x0000000087000000| PB 0x0000000086f00000| Complete 
| 112|0x0000000087000000, 0x0000000087100000, 0x0000000087100000|100%|HC|  |TAMS 0x0000000087100000| PB 0x0000000087000000| Complete 
| 113|0x0000000087100000, 0x0000000087200000, 0x0000000087200000|100%|HC|  |TAMS 0x0000000087200000| PB 0x0000000087100000| Complete 
| 114|0x0000000087200000, 0x0000000087300000, 0x0000000087300000|100%|HC|  |TAMS 0x0000000087300000| PB 0x0000000087200000| Complete 
| 115|0x0000000087300000, 0x0000000087400000, 0x0000000087400000|100%|HC|  |TAMS 0x0000000087400000| PB 0x0000000087300000| Complete 
| 116|0x0000000087400000, 0x0000000087500000, 0x0000000087500000|100%|HC|  |TAMS 0x0000000087500000| PB 0x0000000087400000| Complete 
| 117|0x0000000087500000, 0x0000000087600000, 0x0000000087600000|100%|HC|  |TAMS 0x0000000087600000| PB 0x0000000087500000| Complete 
| 118|0x0000000087600000, 0x0000000087700000, 0x0000000087700000|100%|HC|  |TAMS 0x0000000087700000| PB 0x0000000087600000| Complete 
| 119|0x0000000087700000, 0x0000000087800000, 0x0000000087800000|100%|HC|  |TAMS 0x0000000087800000| PB 0x0000000087700000| Complete 
| 120|0x0000000087800000, 0x0000000087900000, 0x0000000087900000|100%|HC|  |TAMS 0x0000000087900000| PB 0x0000000087800000| Complete 
| 121|0x0000000087900000, 0x0000000087a00000, 0x0000000087a00000|100%|HC|  |TAMS 0x0000000087a00000| PB 0x0000000087900000| Complete 
| 122|0x0000000087a00000, 0x0000000087b00000, 0x0000000087b00000|100%|HC|  |TAMS 0x0000000087b00000| PB 0x0000000087a00000| Complete 
| 123|0x0000000087b00000, 0x0000000087c00000, 0x0000000087c00000|100%|HC|  |TAMS 0x0000000087c00000| PB 0x0000000087b00000| Complete 
| 124|0x0000000087c00000, 0x0000000087d00000, 0x0000000087d00000|100%|HC|  |TAMS 0x0000000087d00000| PB 0x0000000087c00000| Complete 
| 125|0x0000000087d00000, 0x0000000087e00000, 0x0000000087e00000|100%|HC|  |TAMS 0x0000000087e00000| PB 0x0000000087d00000| Complete 
| 126|0x0000000087e00000, 0x0000000087f00000, 0x0000000087f00000|100%| O|  |TAMS 0x0000000087f00000| PB 0x0000000087e00000| Updating 
| 127|0x0000000087f00000, 0x0000000088000000, 0x0000000088000000|100%| O|  |TAMS 0x0000000088000000| PB 0x0000000087f00000| Untracked 
| 128|0x0000000088000000, 0x0000000088100000, 0x0000000088100000|100%| O|  |TAMS 0x0000000088100000| PB 0x0000000088000000| Untracked 
| 129|0x0000000088100000, 0x0000000088200000, 0x0000000088200000|100%| O|  |TAMS 0x0000000088200000| PB 0x0000000088100000| Untracked 
| 130|0x0000000088200000, 0x0000000088300000, 0x0000000088300000|100%| O|  |TAMS 0x0000000088300000| PB 0x0000000088200000| Updating 
| 131|0x0000000088300000, 0x0000000088400000, 0x0000000088400000|100%| O|  |TAMS 0x0000000088400000| PB 0x0000000088300000| Updating 
| 132|0x0000000088400000, 0x0000000088500000, 0x0000000088500000|100%|HS|  |TAMS 0x0000000088500000| PB 0x0000000088400000| Complete 
| 133|0x0000000088500000, 0x0000000088600000, 0x0000000088600000|100%|HC|  |TAMS 0x0000000088600000| PB 0x0000000088500000| Complete 
| 134|0x0000000088600000, 0x0000000088700000, 0x0000000088700000|100%|HC|  |TAMS 0x0000000088700000| PB 0x0000000088600000| Complete 
| 135|0x0000000088700000, 0x0000000088800000, 0x0000000088800000|100%|HC|  |TAMS 0x0000000088800000| PB 0x0000000088700000| Complete 
| 136|0x0000000088800000, 0x0000000088900000, 0x0000000088900000|100%| O|  |TAMS 0x0000000088900000| PB 0x0000000088800000| Untracked 
| 137|0x0000000088900000, 0x0000000088a00000, 0x0000000088a00000|100%|HS|  |TAMS 0x0000000088a00000| PB 0x0000000088900000| Complete 
| 138|0x0000000088a00000, 0x0000000088b00000, 0x0000000088b00000|100%|HC|  |TAMS 0x0000000088b00000| PB 0x0000000088a00000| Complete 
| 139|0x0000000088b00000, 0x0000000088c00000, 0x0000000088c00000|100%|HC|  |TAMS 0x0000000088c00000| PB 0x0000000088b00000| Complete 
| 140|0x0000000088c00000, 0x0000000088d00000, 0x0000000088d00000|100%|HC|  |TAMS 0x0000000088d00000| PB 0x0000000088c00000| Complete 
| 141|0x0000000088d00000, 0x0000000088e00000, 0x0000000088e00000|100%|HC|  |TAMS 0x0000000088e00000| PB 0x0000000088d00000| Complete 
| 142|0x0000000088e00000, 0x0000000088f00000, 0x0000000088f00000|100%|HS|  |TAMS 0x0000000088f00000| PB 0x0000000088e00000| Complete 
| 143|0x0000000088f00000, 0x0000000089000000, 0x0000000089000000|100%| O|  |TAMS 0x0000000089000000| PB 0x0000000088f00000| Untracked 
| 144|0x0000000089000000, 0x0000000089100000, 0x0000000089100000|100%| O|  |TAMS 0x0000000089100000| PB 0x0000000089000000| Untracked 
| 145|0x0000000089100000, 0x0000000089200000, 0x0000000089200000|100%|HS|  |TAMS 0x0000000089200000| PB 0x0000000089100000| Complete 
| 146|0x0000000089200000, 0x0000000089300000, 0x0000000089300000|100%|HC|  |TAMS 0x0000000089300000| PB 0x0000000089200000| Complete 
| 147|0x0000000089300000, 0x0000000089400000, 0x0000000089400000|100%|HC|  |TAMS 0x0000000089400000| PB 0x0000000089300000| Complete 
| 148|0x0000000089400000, 0x0000000089500000, 0x0000000089500000|100%|HC|  |TAMS 0x0000000089500000| PB 0x0000000089400000| Complete 
| 149|0x0000000089500000, 0x0000000089600000, 0x0000000089600000|100%|HS|  |TAMS 0x0000000089600000| PB 0x0000000089500000| Complete 
| 150|0x0000000089600000, 0x0000000089700000, 0x0000000089700000|100%| O|  |TAMS 0x0000000089700000| PB 0x0000000089600000| Untracked 
| 151|0x0000000089700000, 0x0000000089800000, 0x0000000089800000|100%|HS|  |TAMS 0x0000000089800000| PB 0x0000000089700000| Complete 
| 152|0x0000000089800000, 0x0000000089900000, 0x0000000089900000|100%|HS|  |TAMS 0x0000000089900000| PB 0x0000000089800000| Complete 
| 153|0x0000000089900000, 0x0000000089a00000, 0x0000000089a00000|100%|HC|  |TAMS 0x0000000089a00000| PB 0x0000000089900000| Complete 
| 154|0x0000000089a00000, 0x0000000089b00000, 0x0000000089b00000|100%|HS|  |TAMS 0x0000000089b00000| PB 0x0000000089a00000| Complete 
| 155|0x0000000089b00000, 0x0000000089c00000, 0x0000000089c00000|100%| O|  |TAMS 0x0000000089c00000| PB 0x0000000089b00000| Untracked 
| 156|0x0000000089c00000, 0x0000000089d00000, 0x0000000089d00000|100%| O|  |TAMS 0x0000000089d00000| PB 0x0000000089c00000| Untracked 
| 157|0x0000000089d00000, 0x0000000089e00000, 0x0000000089e00000|100%|HS|  |TAMS 0x0000000089e00000| PB 0x0000000089d00000| Complete 
| 158|0x0000000089e00000, 0x0000000089f00000, 0x0000000089f00000|100%|HS|  |TAMS 0x0000000089f00000| PB 0x0000000089e00000| Complete 
| 159|0x0000000089f00000, 0x000000008a000000, 0x000000008a000000|100%|HC|  |TAMS 0x000000008a000000| PB 0x0000000089f00000| Complete 
| 160|0x000000008a000000, 0x000000008a100000, 0x000000008a100000|100%| O|  |TAMS 0x000000008a100000| PB 0x000000008a000000| Untracked 
| 161|0x000000008a100000, 0x000000008a200000, 0x000000008a200000|100%| O|  |TAMS 0x000000008a200000| PB 0x000000008a100000| Untracked 
| 162|0x000000008a200000, 0x000000008a300000, 0x000000008a300000|100%| O|  |TAMS 0x000000008a300000| PB 0x000000008a200000| Untracked 
| 163|0x000000008a300000, 0x000000008a400000, 0x000000008a400000|100%| O|  |TAMS 0x000000008a400000| PB 0x000000008a300000| Untracked 
| 164|0x000000008a400000, 0x000000008a500000, 0x000000008a500000|100%|HS|  |TAMS 0x000000008a500000| PB 0x000000008a400000| Complete 
| 165|0x000000008a500000, 0x000000008a600000, 0x000000008a600000|100%|HC|  |TAMS 0x000000008a600000| PB 0x000000008a500000| Complete 
| 166|0x000000008a600000, 0x000000008a700000, 0x000000008a700000|100%|HS|  |TAMS 0x000000008a700000| PB 0x000000008a600000| Complete 
| 167|0x000000008a700000, 0x000000008a800000, 0x000000008a800000|100%|HC|  |TAMS 0x000000008a800000| PB 0x000000008a700000| Complete 
| 168|0x000000008a800000, 0x000000008a900000, 0x000000008a900000|100%|HC|  |TAMS 0x000000008a900000| PB 0x000000008a800000| Complete 
| 169|0x000000008a900000, 0x000000008aa00000, 0x000000008aa00000|100%| O|  |TAMS 0x000000008aa00000| PB 0x000000008a900000| Untracked 
| 170|0x000000008aa00000, 0x000000008ab00000, 0x000000008ab00000|100%| O|  |TAMS 0x000000008ab00000| PB 0x000000008aa00000| Untracked 
| 171|0x000000008ab00000, 0x000000008ac00000, 0x000000008ac00000|100%| O|  |TAMS 0x000000008ac00000| PB 0x000000008ab00000| Untracked 
| 172|0x000000008ac00000, 0x000000008ad00000, 0x000000008ad00000|100%| O|  |TAMS 0x000000008ad00000| PB 0x000000008ac00000| Untracked 
| 173|0x000000008ad00000, 0x000000008ae00000, 0x000000008ae00000|100%| O|  |TAMS 0x000000008ae00000| PB 0x000000008ad00000| Untracked 
| 174|0x000000008ae00000, 0x000000008af00000, 0x000000008af00000|100%| O|  |TAMS 0x000000008af00000| PB 0x000000008af00000| Untracked 
| 175|0x000000008af00000, 0x000000008b000000, 0x000000008b000000|100%| O|  |TAMS 0x000000008b000000| PB 0x000000008af00000| Untracked 
| 176|0x000000008b000000, 0x000000008b100000, 0x000000008b100000|100%| O|  |TAMS 0x000000008b100000| PB 0x000000008b100000| Untracked 
| 177|0x000000008b100000, 0x000000008b200000, 0x000000008b200000|100%| O|  |TAMS 0x000000008b200000| PB 0x000000008b200000| Untracked 
| 178|0x000000008b200000, 0x000000008b300000, 0x000000008b300000|100%| O|  |TAMS 0x000000008b300000| PB 0x000000008b300000| Untracked 
| 179|0x000000008b300000, 0x000000008b400000, 0x000000008b400000|100%| O|  |TAMS 0x000000008b400000| PB 0x000000008b400000| Untracked 
| 180|0x000000008b400000, 0x000000008b500000, 0x000000008b500000|100%| O|  |TAMS 0x000000008b500000| PB 0x000000008b500000| Updating 
| 181|0x000000008b500000, 0x000000008b600000, 0x000000008b600000|100%| O|  |TAMS 0x000000008b500000| PB 0x000000008b500000| Untracked 
| 182|0x000000008b600000, 0x000000008b700000, 0x000000008b700000|100%| O|  |TAMS 0x000000008b700000| PB 0x000000008b700000| Updating 
| 183|0x000000008b700000, 0x000000008b800000, 0x000000008b800000|100%|HS|  |TAMS 0x000000008b800000| PB 0x000000008b700000| Complete 
| 184|0x000000008b800000, 0x000000008b900000, 0x000000008b900000|100%|HS|  |TAMS 0x000000008b900000| PB 0x000000008b800000| Complete 
| 185|0x000000008b900000, 0x000000008ba00000, 0x000000008ba00000|100%|HC|  |TAMS 0x000000008ba00000| PB 0x000000008b900000| Complete 
| 186|0x000000008ba00000, 0x000000008bb00000, 0x000000008bb00000|100%|HC|  |TAMS 0x000000008bb00000| PB 0x000000008ba00000| Complete 
| 187|0x000000008bb00000, 0x000000008bc00000, 0x000000008bc00000|100%| O|  |TAMS 0x000000008bc00000| PB 0x000000008bc00000| Untracked 
| 188|0x000000008bc00000, 0x000000008bd00000, 0x000000008bd00000|100%| O|  |TAMS 0x000000008bd00000| PB 0x000000008bd00000| Untracked 
| 189|0x000000008bd00000, 0x000000008be00000, 0x000000008be00000|100%|HS|  |TAMS 0x000000008be00000| PB 0x000000008bd00000| Complete 
| 190|0x000000008be00000, 0x000000008bf00000, 0x000000008bf00000|100%|HC|  |TAMS 0x000000008bf00000| PB 0x000000008be00000| Complete 
| 191|0x000000008bf00000, 0x000000008c000000, 0x000000008c000000|100%|HC|  |TAMS 0x000000008c000000| PB 0x000000008bf00000| Complete 
| 192|0x000000008c000000, 0x000000008c100000, 0x000000008c100000|100%|HC|  |TAMS 0x000000008c100000| PB 0x000000008c000000| Complete 
| 193|0x000000008c100000, 0x000000008c200000, 0x000000008c200000|100%|HC|  |TAMS 0x000000008c200000| PB 0x000000008c100000| Complete 
| 194|0x000000008c200000, 0x000000008c300000, 0x000000008c300000|100%|HC|  |TAMS 0x000000008c300000| PB 0x000000008c200000| Complete 
| 195|0x000000008c300000, 0x000000008c400000, 0x000000008c400000|100%|HC|  |TAMS 0x000000008c400000| PB 0x000000008c300000| Complete 
| 196|0x000000008c400000, 0x000000008c500000, 0x000000008c500000|100%|HC|  |TAMS 0x000000008c500000| PB 0x000000008c400000| Complete 
| 197|0x000000008c500000, 0x000000008c600000, 0x000000008c600000|100%|HC|  |TAMS 0x000000008c600000| PB 0x000000008c500000| Complete 
| 198|0x000000008c600000, 0x000000008c700000, 0x000000008c700000|100%|HC|  |TAMS 0x000000008c700000| PB 0x000000008c600000| Complete 
| 199|0x000000008c700000, 0x000000008c800000, 0x000000008c800000|100%|HC|  |TAMS 0x000000008c800000| PB 0x000000008c700000| Complete 
| 200|0x000000008c800000, 0x000000008c900000, 0x000000008c900000|100%|HC|  |TAMS 0x000000008c900000| PB 0x000000008c800000| Complete 
| 201|0x000000008c900000, 0x000000008ca00000, 0x000000008ca00000|100%|HC|  |TAMS 0x000000008ca00000| PB 0x000000008c900000| Complete 
| 202|0x000000008ca00000, 0x000000008cb00000, 0x000000008cb00000|100%|HC|  |TAMS 0x000000008cb00000| PB 0x000000008ca00000| Complete 
| 203|0x000000008cb00000, 0x000000008cc00000, 0x000000008cc00000|100%|HC|  |TAMS 0x000000008cc00000| PB 0x000000008cb00000| Complete 
| 204|0x000000008cc00000, 0x000000008cd00000, 0x000000008cd00000|100%|HC|  |TAMS 0x000000008cd00000| PB 0x000000008cc00000| Complete 
| 205|0x000000008cd00000, 0x000000008ce00000, 0x000000008ce00000|100%|HC|  |TAMS 0x000000008ce00000| PB 0x000000008cd00000| Complete 
| 206|0x000000008ce00000, 0x000000008cf00000, 0x000000008cf00000|100%|HC|  |TAMS 0x000000008cf00000| PB 0x000000008ce00000| Complete 
| 207|0x000000008cf00000, 0x000000008d000000, 0x000000008d000000|100%|HC|  |TAMS 0x000000008d000000| PB 0x000000008cf00000| Complete 
| 208|0x000000008d000000, 0x000000008d100000, 0x000000008d100000|100%|HC|  |TAMS 0x000000008d100000| PB 0x000000008d000000| Complete 
| 209|0x000000008d100000, 0x000000008d200000, 0x000000008d200000|100%|HC|  |TAMS 0x000000008d200000| PB 0x000000008d100000| Complete 
| 210|0x000000008d200000, 0x000000008d300000, 0x000000008d300000|100%|HC|  |TAMS 0x000000008d300000| PB 0x000000008d200000| Complete 
| 211|0x000000008d300000, 0x000000008d400000, 0x000000008d400000|100%|HC|  |TAMS 0x000000008d400000| PB 0x000000008d300000| Complete 
| 212|0x000000008d400000, 0x000000008d500000, 0x000000008d500000|100%|HC|  |TAMS 0x000000008d500000| PB 0x000000008d400000| Complete 
| 213|0x000000008d500000, 0x000000008d600000, 0x000000008d600000|100%|HC|  |TAMS 0x000000008d600000| PB 0x000000008d500000| Complete 
| 214|0x000000008d600000, 0x000000008d700000, 0x000000008d700000|100%|HC|  |TAMS 0x000000008d700000| PB 0x000000008d600000| Complete 
| 215|0x000000008d700000, 0x000000008d800000, 0x000000008d800000|100%|HC|  |TAMS 0x000000008d800000| PB 0x000000008d700000| Complete 
| 216|0x000000008d800000, 0x000000008d900000, 0x000000008d900000|100%|HC|  |TAMS 0x000000008d900000| PB 0x000000008d800000| Complete 
| 217|0x000000008d900000, 0x000000008da00000, 0x000000008da00000|100%|HC|  |TAMS 0x000000008da00000| PB 0x000000008d900000| Complete 
| 218|0x000000008da00000, 0x000000008db00000, 0x000000008db00000|100%|HC|  |TAMS 0x000000008db00000| PB 0x000000008da00000| Complete 
| 219|0x000000008db00000, 0x000000008dc00000, 0x000000008dc00000|100%| O|  |TAMS 0x000000008dc00000| PB 0x000000008dc00000| Untracked 
| 220|0x000000008dc00000, 0x000000008dd00000, 0x000000008dd00000|100%|HS|  |TAMS 0x000000008dd00000| PB 0x000000008dc00000| Complete 
| 221|0x000000008dd00000, 0x000000008de00000, 0x000000008de00000|100%| O|  |TAMS 0x000000008de00000| PB 0x000000008de00000| Untracked 
| 222|0x000000008de00000, 0x000000008df00000, 0x000000008df00000|100%|HS|  |TAMS 0x000000008df00000| PB 0x000000008de00000| Complete 
| 223|0x000000008df00000, 0x000000008e000000, 0x000000008e000000|100%| O|  |TAMS 0x000000008e000000| PB 0x000000008e000000| Untracked 
| 224|0x000000008e000000, 0x000000008e100000, 0x000000008e100000|100%| O|  |TAMS 0x000000008e100000| PB 0x000000008e100000| Updating 
| 225|0x000000008e100000, 0x000000008e200000, 0x000000008e200000|100%| O|  |TAMS 0x000000008e200000| PB 0x000000008e200000| Updating 
| 226|0x000000008e200000, 0x000000008e300000, 0x000000008e300000|100%|HS|  |TAMS 0x000000008e300000| PB 0x000000008e200000| Complete 
| 227|0x000000008e300000, 0x000000008e400000, 0x000000008e400000|100%|HC|  |TAMS 0x000000008e400000| PB 0x000000008e300000| Complete 
| 228|0x000000008e400000, 0x000000008e500000, 0x000000008e500000|100%| O|  |TAMS 0x000000008e500000| PB 0x000000008e500000| Untracked 
| 229|0x000000008e500000, 0x000000008e600000, 0x000000008e600000|100%|HS|  |TAMS 0x000000008e600000| PB 0x000000008e500000| Complete 
| 230|0x000000008e600000, 0x000000008e700000, 0x000000008e700000|100%| O|  |TAMS 0x000000008e700000| PB 0x000000008e700000| Untracked 
| 231|0x000000008e700000, 0x000000008e800000, 0x000000008e800000|100%| O|  |TAMS 0x000000008e800000| PB 0x000000008e800000| Untracked 
| 232|0x000000008e800000, 0x000000008e900000, 0x000000008e900000|100%| O|  |TAMS 0x000000008e900000| PB 0x000000008e900000| Untracked 
| 233|0x000000008e900000, 0x000000008ea00000, 0x000000008ea00000|100%| O|  |TAMS 0x000000008ea00000| PB 0x000000008ea00000| Untracked 
| 234|0x000000008ea00000, 0x000000008eb00000, 0x000000008eb00000|100%| O|  |TAMS 0x000000008eb00000| PB 0x000000008eb00000| Untracked 
| 235|0x000000008eb00000, 0x000000008ec00000, 0x000000008ec00000|100%| O|  |TAMS 0x000000008ec00000| PB 0x000000008ec00000| Untracked 
| 236|0x000000008ec00000, 0x000000008ed00000, 0x000000008ed00000|100%| O|  |TAMS 0x000000008ed00000| PB 0x000000008ed00000| Untracked 
| 237|0x000000008ed00000, 0x000000008ee00000, 0x000000008ee00000|100%| O|  |TAMS 0x000000008ee00000| PB 0x000000008ee00000| Updating 
| 238|0x000000008ee00000, 0x000000008ef00000, 0x000000008ef00000|100%| O|  |TAMS 0x000000008ef00000| PB 0x000000008ef00000| Updating 
| 239|0x000000008ef00000, 0x000000008f000000, 0x000000008f000000|100%| O|  |TAMS 0x000000008f000000| PB 0x000000008f000000| Untracked 
| 240|0x000000008f000000, 0x000000008f100000, 0x000000008f100000|100%| O|  |TAMS 0x000000008f100000| PB 0x000000008f100000| Untracked 
| 241|0x000000008f100000, 0x000000008f200000, 0x000000008f200000|100%| O|  |TAMS 0x000000008f200000| PB 0x000000008f200000| Untracked 
| 242|0x000000008f200000, 0x000000008f300000, 0x000000008f300000|100%| O|  |TAMS 0x000000008f300000| PB 0x000000008f300000| Untracked 
| 243|0x000000008f300000, 0x000000008f400000, 0x000000008f400000|100%| O|  |TAMS 0x000000008f400000| PB 0x000000008f400000| Untracked 
| 244|0x000000008f400000, 0x000000008f500000, 0x000000008f500000|100%| O|  |TAMS 0x000000008f500000| PB 0x000000008f500000| Untracked 
| 245|0x000000008f500000, 0x000000008f600000, 0x000000008f600000|100%| O|  |TAMS 0x000000008f600000| PB 0x000000008f600000| Untracked 
| 246|0x000000008f600000, 0x000000008f700000, 0x000000008f700000|100%| O|  |TAMS 0x000000008f700000| PB 0x000000008f700000| Untracked 
| 247|0x000000008f700000, 0x000000008f800000, 0x000000008f800000|100%| O|  |TAMS 0x000000008f800000| PB 0x000000008f800000| Untracked 
| 248|0x000000008f800000, 0x000000008f900000, 0x000000008f900000|100%| O|  |TAMS 0x000000008f900000| PB 0x000000008f900000| Untracked 
| 249|0x000000008f900000, 0x000000008fa00000, 0x000000008fa00000|100%| O|  |TAMS 0x000000008fa00000| PB 0x000000008fa00000| Untracked 
| 250|0x000000008fa00000, 0x000000008fb00000, 0x000000008fb00000|100%| O|  |TAMS 0x000000008fb00000| PB 0x000000008fb00000| Untracked 
| 251|0x000000008fb00000, 0x000000008fc00000, 0x000000008fc00000|100%|HS|  |TAMS 0x000000008fc00000| PB 0x000000008fb00000| Complete 
| 252|0x000000008fc00000, 0x000000008fd00000, 0x000000008fd00000|100%|HC|  |TAMS 0x000000008fd00000| PB 0x000000008fc00000| Complete 
| 253|0x000000008fd00000, 0x000000008fe00000, 0x000000008fe00000|100%|HC|  |TAMS 0x000000008fe00000| PB 0x000000008fd00000| Complete 
| 254|0x000000008fe00000, 0x000000008ff00000, 0x000000008ff00000|100%|HC|  |TAMS 0x000000008ff00000| PB 0x000000008fe00000| Complete 
| 255|0x000000008ff00000, 0x0000000090000000, 0x0000000090000000|100%|HC|  |TAMS 0x0000000090000000| PB 0x000000008ff00000| Complete 
| 256|0x0000000090000000, 0x0000000090100000, 0x0000000090100000|100%|HC|  |TAMS 0x0000000090100000| PB 0x0000000090000000| Complete 
| 257|0x0000000090100000, 0x0000000090200000, 0x0000000090200000|100%|HS|  |TAMS 0x0000000090200000| PB 0x0000000090100000| Complete 
| 258|0x0000000090200000, 0x0000000090300000, 0x0000000090300000|100%|HC|  |TAMS 0x0000000090300000| PB 0x0000000090200000| Complete 
| 259|0x0000000090300000, 0x0000000090400000, 0x0000000090400000|100%| O|  |TAMS 0x0000000090400000| PB 0x0000000090400000| Untracked 
| 260|0x0000000090400000, 0x0000000090500000, 0x0000000090500000|100%| O|  |TAMS 0x0000000090500000| PB 0x0000000090500000| Untracked 
| 261|0x0000000090500000, 0x0000000090600000, 0x0000000090600000|100%| O|  |TAMS 0x0000000090600000| PB 0x0000000090600000| Untracked 
| 262|0x0000000090600000, 0x0000000090700000, 0x0000000090700000|100%| O|  |TAMS 0x0000000090700000| PB 0x0000000090700000| Untracked 
| 263|0x0000000090700000, 0x0000000090800000, 0x0000000090800000|100%| O|  |TAMS 0x0000000090800000| PB 0x0000000090800000| Untracked 
| 264|0x0000000090800000, 0x0000000090900000, 0x0000000090900000|100%| O|  |TAMS 0x0000000090900000| PB 0x0000000090900000| Untracked 
| 265|0x0000000090900000, 0x0000000090a00000, 0x0000000090a00000|100%| O|  |TAMS 0x0000000090a00000| PB 0x0000000090a00000| Untracked 
| 266|0x0000000090a00000, 0x0000000090b00000, 0x0000000090b00000|100%| O|  |TAMS 0x0000000090b00000| PB 0x0000000090b00000| Untracked 
| 267|0x0000000090b00000, 0x0000000090c00000, 0x0000000090c00000|100%| O|  |TAMS 0x0000000090c00000| PB 0x0000000090c00000| Untracked 
| 268|0x0000000090c00000, 0x0000000090d00000, 0x0000000090d00000|100%| O|  |TAMS 0x0000000090d00000| PB 0x0000000090d00000| Untracked 
| 269|0x0000000090d00000, 0x0000000090e00000, 0x0000000090e00000|100%| O|  |TAMS 0x0000000090e00000| PB 0x0000000090e00000| Untracked 
| 270|0x0000000090e00000, 0x0000000090f00000, 0x0000000090f00000|100%| O|  |TAMS 0x0000000090f00000| PB 0x0000000090f00000| Untracked 
| 271|0x0000000090f00000, 0x0000000091000000, 0x0000000091000000|100%| O|  |TAMS 0x0000000091000000| PB 0x0000000091000000| Untracked 
| 272|0x0000000091000000, 0x0000000091100000, 0x0000000091100000|100%| O|  |TAMS 0x0000000091100000| PB 0x0000000091100000| Untracked 
| 273|0x0000000091100000, 0x0000000091200000, 0x0000000091200000|100%| O|  |TAMS 0x0000000091200000| PB 0x0000000091200000| Untracked 
| 274|0x0000000091200000, 0x0000000091300000, 0x0000000091300000|100%|HS|  |TAMS 0x0000000091300000| PB 0x0000000091200000| Complete 
| 275|0x0000000091300000, 0x0000000091400000, 0x0000000091400000|100%|HC|  |TAMS 0x0000000091400000| PB 0x0000000091300000| Complete 
| 276|0x0000000091400000, 0x0000000091500000, 0x0000000091500000|100%| O|  |TAMS 0x0000000091500000| PB 0x0000000091500000| Untracked 
| 277|0x0000000091500000, 0x0000000091600000, 0x0000000091600000|100%| O|  |TAMS 0x0000000091600000| PB 0x0000000091600000| Untracked 
| 278|0x0000000091600000, 0x0000000091700000, 0x0000000091700000|100%| O|  |TAMS 0x0000000091700000| PB 0x0000000091700000| Untracked 
| 279|0x0000000091700000, 0x0000000091800000, 0x0000000091800000|100%| O|  |TAMS 0x0000000091800000| PB 0x0000000091800000| Untracked 
| 280|0x0000000091800000, 0x0000000091900000, 0x0000000091900000|100%| O|  |TAMS 0x0000000091900000| PB 0x0000000091900000| Untracked 
| 281|0x0000000091900000, 0x0000000091a00000, 0x0000000091a00000|100%| O|  |TAMS 0x0000000091a00000| PB 0x0000000091a00000| Untracked 
| 282|0x0000000091a00000, 0x0000000091b00000, 0x0000000091b00000|100%| O|  |TAMS 0x0000000091b00000| PB 0x0000000091b00000| Untracked 
| 283|0x0000000091b00000, 0x0000000091c00000, 0x0000000091c00000|100%| O|  |TAMS 0x0000000091c00000| PB 0x0000000091c00000| Untracked 
| 284|0x0000000091c00000, 0x0000000091d00000, 0x0000000091d00000|100%| O|  |TAMS 0x0000000091d00000| PB 0x0000000091d00000| Untracked 
| 285|0x0000000091d00000, 0x0000000091e00000, 0x0000000091e00000|100%| O|  |TAMS 0x0000000091e00000| PB 0x0000000091e00000| Untracked 
| 286|0x0000000091e00000, 0x0000000091f00000, 0x0000000091f00000|100%| O|  |TAMS 0x0000000091f00000| PB 0x0000000091f00000| Untracked 
| 287|0x0000000091f00000, 0x0000000092000000, 0x0000000092000000|100%| O|  |TAMS 0x0000000092000000| PB 0x0000000092000000| Untracked 
| 288|0x0000000092000000, 0x0000000092100000, 0x0000000092100000|100%| O|  |TAMS 0x0000000092100000| PB 0x0000000092100000| Untracked 
| 289|0x0000000092100000, 0x0000000092200000, 0x0000000092200000|100%| O|  |TAMS 0x0000000092200000| PB 0x0000000092200000| Untracked 
| 290|0x0000000092200000, 0x0000000092300000, 0x0000000092300000|100%| O|  |TAMS 0x0000000092300000| PB 0x0000000092300000| Updating 
| 291|0x0000000092300000, 0x0000000092400000, 0x0000000092400000|100%| O|  |TAMS 0x0000000092400000| PB 0x0000000092400000| Updating 
| 292|0x0000000092400000, 0x0000000092500000, 0x0000000092500000|100%| O|  |TAMS 0x0000000092500000| PB 0x0000000092500000| Updating 
| 293|0x0000000092500000, 0x0000000092600000, 0x0000000092600000|100%| O|  |TAMS 0x0000000092600000| PB 0x0000000092600000| Updating 
| 294|0x0000000092600000, 0x0000000092700000, 0x0000000092700000|100%| O|  |TAMS 0x0000000092700000| PB 0x0000000092700000| Updating 
| 295|0x0000000092700000, 0x0000000092800000, 0x0000000092800000|100%| O|  |TAMS 0x0000000092800000| PB 0x0000000092800000| Untracked 
| 296|0x0000000092800000, 0x0000000092900000, 0x0000000092900000|100%| O|  |TAMS 0x0000000092900000| PB 0x0000000092900000| Untracked 
| 297|0x0000000092900000, 0x0000000092a00000, 0x0000000092a00000|100%| O|  |TAMS 0x0000000092a00000| PB 0x0000000092a00000| Untracked 
| 298|0x0000000092a00000, 0x0000000092b00000, 0x0000000092b00000|100%| O|  |TAMS 0x0000000092b00000| PB 0x0000000092b00000| Untracked 
| 299|0x0000000092b00000, 0x0000000092c00000, 0x0000000092c00000|100%| O|  |TAMS 0x0000000092c00000| PB 0x0000000092c00000| Untracked 
| 300|0x0000000092c00000, 0x0000000092d00000, 0x0000000092d00000|100%| O|  |TAMS 0x0000000092d00000| PB 0x0000000092d00000| Untracked 
| 301|0x0000000092d00000, 0x0000000092e00000, 0x0000000092e00000|100%| O|  |TAMS 0x0000000092e00000| PB 0x0000000092e00000| Untracked 
| 302|0x0000000092e00000, 0x0000000092f00000, 0x0000000092f00000|100%| O|  |TAMS 0x0000000092f00000| PB 0x0000000092f00000| Untracked 
| 303|0x0000000092f00000, 0x0000000093000000, 0x0000000093000000|100%| O|  |TAMS 0x0000000093000000| PB 0x0000000093000000| Untracked 
| 304|0x0000000093000000, 0x0000000093100000, 0x0000000093100000|100%| O|  |TAMS 0x0000000093100000| PB 0x0000000093100000| Untracked 
| 305|0x0000000093100000, 0x0000000093200000, 0x0000000093200000|100%| O|  |TAMS 0x0000000093200000| PB 0x0000000093200000| Untracked 
| 306|0x0000000093200000, 0x0000000093300000, 0x0000000093300000|100%| O|  |TAMS 0x0000000093300000| PB 0x0000000093300000| Untracked 
| 307|0x0000000093300000, 0x0000000093400000, 0x0000000093400000|100%| O|  |TAMS 0x0000000093400000| PB 0x0000000093400000| Untracked 
| 308|0x0000000093400000, 0x0000000093500000, 0x0000000093500000|100%| O|  |TAMS 0x0000000093500000| PB 0x0000000093500000| Untracked 
| 309|0x0000000093500000, 0x0000000093600000, 0x0000000093600000|100%| O|  |TAMS 0x0000000093600000| PB 0x0000000093600000| Untracked 
| 310|0x0000000093600000, 0x0000000093700000, 0x0000000093700000|100%| O|  |TAMS 0x0000000093700000| PB 0x0000000093700000| Untracked 
| 311|0x0000000093700000, 0x0000000093800000, 0x0000000093800000|100%| O|  |TAMS 0x0000000093800000| PB 0x0000000093800000| Untracked 
| 312|0x0000000093800000, 0x0000000093900000, 0x0000000093900000|100%| O|  |TAMS 0x0000000093900000| PB 0x0000000093900000| Untracked 
| 313|0x0000000093900000, 0x0000000093a00000, 0x0000000093a00000|100%| O|  |TAMS 0x0000000093a00000| PB 0x0000000093a00000| Untracked 
| 314|0x0000000093a00000, 0x0000000093b00000, 0x0000000093b00000|100%| O|  |TAMS 0x0000000093b00000| PB 0x0000000093b00000| Untracked 
| 315|0x0000000093b00000, 0x0000000093c00000, 0x0000000093c00000|100%| O|  |TAMS 0x0000000093c00000| PB 0x0000000093c00000| Untracked 
| 316|0x0000000093c00000, 0x0000000093d00000, 0x0000000093d00000|100%| O|  |TAMS 0x0000000093d00000| PB 0x0000000093d00000| Untracked 
| 317|0x0000000093d00000, 0x0000000093e00000, 0x0000000093e00000|100%| O|  |TAMS 0x0000000093e00000| PB 0x0000000093e00000| Untracked 
| 318|0x0000000093e00000, 0x0000000093f00000, 0x0000000093f00000|100%| O|  |TAMS 0x0000000093f00000| PB 0x0000000093f00000| Untracked 
| 319|0x0000000093f00000, 0x0000000094000000, 0x0000000094000000|100%| O|  |TAMS 0x0000000094000000| PB 0x0000000094000000| Untracked 
| 320|0x0000000094000000, 0x0000000094100000, 0x0000000094100000|100%| O|  |TAMS 0x0000000094100000| PB 0x0000000094100000| Untracked 
| 321|0x0000000094100000, 0x0000000094200000, 0x0000000094200000|100%| O|  |TAMS 0x0000000094200000| PB 0x0000000094200000| Untracked 
| 322|0x0000000094200000, 0x0000000094300000, 0x0000000094300000|100%| O|  |TAMS 0x0000000094300000| PB 0x0000000094300000| Untracked 
| 323|0x0000000094300000, 0x0000000094400000, 0x0000000094400000|100%| O|  |TAMS 0x0000000094400000| PB 0x0000000094400000| Untracked 
| 324|0x0000000094400000, 0x0000000094500000, 0x0000000094500000|100%| O|  |TAMS 0x0000000094500000| PB 0x0000000094500000| Untracked 
| 325|0x0000000094500000, 0x0000000094600000, 0x0000000094600000|100%| O|  |TAMS 0x0000000094600000| PB 0x0000000094600000| Untracked 
| 326|0x0000000094600000, 0x0000000094700000, 0x0000000094700000|100%| O|  |TAMS 0x0000000094700000| PB 0x0000000094700000| Untracked 
| 327|0x0000000094700000, 0x0000000094800000, 0x0000000094800000|100%| O|  |TAMS 0x0000000094800000| PB 0x0000000094800000| Untracked 
| 328|0x0000000094800000, 0x0000000094900000, 0x0000000094900000|100%| O|  |TAMS 0x0000000094900000| PB 0x0000000094900000| Untracked 
| 329|0x0000000094900000, 0x0000000094a00000, 0x0000000094a00000|100%| O|  |TAMS 0x0000000094a00000| PB 0x0000000094a00000| Untracked 
| 330|0x0000000094a00000, 0x0000000094b00000, 0x0000000094b00000|100%| O|  |TAMS 0x0000000094b00000| PB 0x0000000094b00000| Untracked 
| 331|0x0000000094b00000, 0x0000000094c00000, 0x0000000094c00000|100%| O|  |TAMS 0x0000000094c00000| PB 0x0000000094c00000| Untracked 
| 332|0x0000000094c00000, 0x0000000094d00000, 0x0000000094d00000|100%| O|  |TAMS 0x0000000094d00000| PB 0x0000000094d00000| Untracked 
| 333|0x0000000094d00000, 0x0000000094e00000, 0x0000000094e00000|100%| O|  |TAMS 0x0000000094e00000| PB 0x0000000094e00000| Untracked 
| 334|0x0000000094e00000, 0x0000000094f00000, 0x0000000094f00000|100%| O|  |TAMS 0x0000000094f00000| PB 0x0000000094f00000| Untracked 
| 335|0x0000000094f00000, 0x0000000095000000, 0x0000000095000000|100%| O|  |TAMS 0x0000000095000000| PB 0x0000000095000000| Untracked 
| 336|0x0000000095000000, 0x0000000095100000, 0x0000000095100000|100%| O|  |TAMS 0x0000000095100000| PB 0x0000000095100000| Untracked 
| 337|0x0000000095100000, 0x0000000095200000, 0x0000000095200000|100%| O|  |TAMS 0x0000000095200000| PB 0x0000000095200000| Untracked 
| 338|0x0000000095200000, 0x0000000095300000, 0x0000000095300000|100%| O|  |TAMS 0x0000000095300000| PB 0x0000000095300000| Untracked 
| 339|0x0000000095300000, 0x0000000095400000, 0x0000000095400000|100%| O|  |TAMS 0x0000000095400000| PB 0x0000000095400000| Untracked 
| 340|0x0000000095400000, 0x0000000095500000, 0x0000000095500000|100%| O|  |TAMS 0x0000000095500000| PB 0x0000000095500000| Untracked 
| 341|0x0000000095500000, 0x0000000095600000, 0x0000000095600000|100%| O|  |TAMS 0x0000000095600000| PB 0x0000000095600000| Untracked 
| 342|0x0000000095600000, 0x0000000095700000, 0x0000000095700000|100%| O|  |TAMS 0x0000000095700000| PB 0x0000000095700000| Untracked 
| 343|0x0000000095700000, 0x0000000095800000, 0x0000000095800000|100%| O|  |TAMS 0x0000000095800000| PB 0x0000000095800000| Untracked 
| 344|0x0000000095800000, 0x0000000095900000, 0x0000000095900000|100%| O|  |TAMS 0x0000000095900000| PB 0x0000000095900000| Untracked 
| 345|0x0000000095900000, 0x0000000095a00000, 0x0000000095a00000|100%| O|  |TAMS 0x0000000095a00000| PB 0x0000000095a00000| Untracked 
| 346|0x0000000095a00000, 0x0000000095b00000, 0x0000000095b00000|100%| O|  |TAMS 0x0000000095b00000| PB 0x0000000095b00000| Untracked 
| 347|0x0000000095b00000, 0x0000000095c00000, 0x0000000095c00000|100%| O|  |TAMS 0x0000000095c00000| PB 0x0000000095c00000| Untracked 
| 348|0x0000000095c00000, 0x0000000095d00000, 0x0000000095d00000|100%| O|  |TAMS 0x0000000095d00000| PB 0x0000000095d00000| Untracked 
| 349|0x0000000095d00000, 0x0000000095e00000, 0x0000000095e00000|100%| O|  |TAMS 0x0000000095e00000| PB 0x0000000095e00000| Untracked 
| 350|0x0000000095e00000, 0x0000000095f00000, 0x0000000095f00000|100%| O|  |TAMS 0x0000000095f00000| PB 0x0000000095f00000| Untracked 
| 351|0x0000000095f00000, 0x0000000096000000, 0x0000000096000000|100%| O|  |TAMS 0x0000000096000000| PB 0x0000000096000000| Updating 
| 352|0x0000000096000000, 0x0000000096100000, 0x0000000096100000|100%| O|  |TAMS 0x0000000096100000| PB 0x0000000096100000| Updating 
| 353|0x0000000096100000, 0x0000000096200000, 0x0000000096200000|100%| O|  |TAMS 0x0000000096200000| PB 0x0000000096200000| Updating 
| 354|0x0000000096200000, 0x0000000096300000, 0x0000000096300000|100%| O|  |TAMS 0x0000000096300000| PB 0x0000000096300000| Updating 
| 355|0x0000000096300000, 0x0000000096400000, 0x0000000096400000|100%| O|  |TAMS 0x0000000096400000| PB 0x0000000096400000| Updating 
| 356|0x0000000096400000, 0x0000000096500000, 0x0000000096500000|100%| O|  |TAMS 0x0000000096500000| PB 0x0000000096500000| Updating 
| 357|0x0000000096500000, 0x0000000096600000, 0x0000000096600000|100%| O|  |TAMS 0x0000000096600000| PB 0x0000000096600000| Untracked 
| 358|0x0000000096600000, 0x0000000096700000, 0x0000000096700000|100%| O|  |TAMS 0x0000000096700000| PB 0x0000000096700000| Untracked 
| 359|0x0000000096700000, 0x0000000096800000, 0x0000000096800000|100%| O|  |TAMS 0x0000000096800000| PB 0x0000000096800000| Untracked 
| 360|0x0000000096800000, 0x0000000096900000, 0x0000000096900000|100%| O|  |TAMS 0x0000000096900000| PB 0x0000000096900000| Untracked 
| 361|0x0000000096900000, 0x0000000096a00000, 0x0000000096a00000|100%| O|  |TAMS 0x0000000096a00000| PB 0x0000000096a00000| Untracked 
| 362|0x0000000096a00000, 0x0000000096b00000, 0x0000000096b00000|100%| O|  |TAMS 0x0000000096b00000| PB 0x0000000096b00000| Untracked 
| 363|0x0000000096b00000, 0x0000000096c00000, 0x0000000096c00000|100%| O|  |TAMS 0x0000000096c00000| PB 0x0000000096c00000| Untracked 
| 364|0x0000000096c00000, 0x0000000096d00000, 0x0000000096d00000|100%| O|  |TAMS 0x0000000096d00000| PB 0x0000000096d00000| Untracked 
| 365|0x0000000096d00000, 0x0000000096e00000, 0x0000000096e00000|100%| O|  |TAMS 0x0000000096e00000| PB 0x0000000096e00000| Untracked 
| 366|0x0000000096e00000, 0x0000000096f00000, 0x0000000096f00000|100%| O|  |TAMS 0x0000000096f00000| PB 0x0000000096f00000| Untracked 
| 367|0x0000000096f00000, 0x0000000097000000, 0x0000000097000000|100%| O|  |TAMS 0x0000000097000000| PB 0x0000000097000000| Untracked 
| 368|0x0000000097000000, 0x0000000097100000, 0x0000000097100000|100%| O|  |TAMS 0x0000000097100000| PB 0x0000000097100000| Untracked 
| 369|0x0000000097100000, 0x0000000097200000, 0x0000000097200000|100%| O|  |TAMS 0x0000000097200000| PB 0x0000000097200000| Untracked 
| 370|0x0000000097200000, 0x0000000097300000, 0x0000000097300000|100%| O|  |TAMS 0x0000000097300000| PB 0x0000000097300000| Untracked 
| 371|0x0000000097300000, 0x0000000097400000, 0x0000000097400000|100%| O|  |TAMS 0x0000000097400000| PB 0x0000000097400000| Untracked 
| 372|0x0000000097400000, 0x0000000097500000, 0x0000000097500000|100%| O|  |TAMS 0x0000000097500000| PB 0x0000000097500000| Untracked 
| 373|0x0000000097500000, 0x0000000097600000, 0x0000000097600000|100%| O|  |TAMS 0x0000000097600000| PB 0x0000000097600000| Untracked 
| 374|0x0000000097600000, 0x0000000097700000, 0x0000000097700000|100%| O|  |TAMS 0x0000000097700000| PB 0x0000000097700000| Untracked 
| 375|0x0000000097700000, 0x0000000097800000, 0x0000000097800000|100%| O|  |TAMS 0x0000000097800000| PB 0x0000000097800000| Untracked 
| 376|0x0000000097800000, 0x0000000097900000, 0x0000000097900000|100%| O|  |TAMS 0x0000000097900000| PB 0x0000000097900000| Untracked 
| 377|0x0000000097900000, 0x0000000097a00000, 0x0000000097a00000|100%| O|  |TAMS 0x0000000097a00000| PB 0x0000000097a00000| Untracked 
| 378|0x0000000097a00000, 0x0000000097b00000, 0x0000000097b00000|100%| O|  |TAMS 0x0000000097b00000| PB 0x0000000097b00000| Untracked 
| 379|0x0000000097b00000, 0x0000000097c00000, 0x0000000097c00000|100%| O|  |TAMS 0x0000000097c00000| PB 0x0000000097c00000| Untracked 
| 380|0x0000000097c00000, 0x0000000097d00000, 0x0000000097d00000|100%| O|  |TAMS 0x0000000097d00000| PB 0x0000000097d00000| Untracked 
| 381|0x0000000097d00000, 0x0000000097e00000, 0x0000000097e00000|100%| O|  |TAMS 0x0000000097e00000| PB 0x0000000097e00000| Untracked 
| 382|0x0000000097e00000, 0x0000000097f00000, 0x0000000097f00000|100%| O|  |TAMS 0x0000000097f00000| PB 0x0000000097f00000| Untracked 
| 383|0x0000000097f00000, 0x0000000098000000, 0x0000000098000000|100%| O|  |TAMS 0x0000000098000000| PB 0x0000000098000000| Untracked 
| 384|0x0000000098000000, 0x0000000098100000, 0x0000000098100000|100%| O|  |TAMS 0x0000000098100000| PB 0x0000000098100000| Untracked 
| 385|0x0000000098100000, 0x0000000098200000, 0x0000000098200000|100%| O|  |TAMS 0x0000000098200000| PB 0x0000000098200000| Untracked 
| 386|0x0000000098200000, 0x0000000098300000, 0x0000000098300000|100%| O|  |TAMS 0x0000000098300000| PB 0x0000000098300000| Untracked 
| 387|0x0000000098300000, 0x0000000098400000, 0x0000000098400000|100%| O|  |TAMS 0x0000000098400000| PB 0x0000000098400000| Untracked 
| 388|0x0000000098400000, 0x0000000098500000, 0x0000000098500000|100%| O|  |TAMS 0x0000000098500000| PB 0x0000000098500000| Untracked 
| 389|0x0000000098500000, 0x0000000098600000, 0x0000000098600000|100%| O|  |TAMS 0x0000000098600000| PB 0x0000000098600000| Untracked 
| 390|0x0000000098600000, 0x0000000098700000, 0x0000000098700000|100%| O|  |TAMS 0x0000000098700000| PB 0x0000000098700000| Untracked 
| 391|0x0000000098700000, 0x0000000098800000, 0x0000000098800000|100%| O|  |TAMS 0x0000000098800000| PB 0x0000000098800000| Untracked 
| 392|0x0000000098800000, 0x0000000098900000, 0x0000000098900000|100%| O|  |TAMS 0x0000000098900000| PB 0x0000000098900000| Untracked 
| 393|0x0000000098900000, 0x0000000098a00000, 0x0000000098a00000|100%| O|  |TAMS 0x0000000098a00000| PB 0x0000000098a00000| Untracked 
| 394|0x0000000098a00000, 0x0000000098b00000, 0x0000000098b00000|100%| O|  |TAMS 0x0000000098b00000| PB 0x0000000098b00000| Untracked 
| 395|0x0000000098b00000, 0x0000000098c00000, 0x0000000098c00000|100%| O|  |TAMS 0x0000000098c00000| PB 0x0000000098c00000| Untracked 
| 396|0x0000000098c00000, 0x0000000098d00000, 0x0000000098d00000|100%| O|  |TAMS 0x0000000098d00000| PB 0x0000000098d00000| Untracked 
| 397|0x0000000098d00000, 0x0000000098e00000, 0x0000000098e00000|100%| O|  |TAMS 0x0000000098e00000| PB 0x0000000098e00000| Untracked 
| 398|0x0000000098e00000, 0x0000000098f00000, 0x0000000098f00000|100%| O|  |TAMS 0x0000000098f00000| PB 0x0000000098f00000| Untracked 
| 399|0x0000000098f00000, 0x0000000099000000, 0x0000000099000000|100%| O|  |TAMS 0x0000000099000000| PB 0x0000000099000000| Untracked 
| 400|0x0000000099000000, 0x0000000099100000, 0x0000000099100000|100%| O|  |TAMS 0x0000000099100000| PB 0x0000000099100000| Untracked 
| 401|0x0000000099100000, 0x0000000099200000, 0x0000000099200000|100%| O|  |TAMS 0x0000000099200000| PB 0x0000000099200000| Untracked 
| 402|0x0000000099200000, 0x0000000099300000, 0x0000000099300000|100%| O|  |TAMS 0x0000000099300000| PB 0x0000000099300000| Untracked 
| 403|0x0000000099300000, 0x0000000099400000, 0x0000000099400000|100%| O|  |TAMS 0x0000000099400000| PB 0x0000000099400000| Untracked 
| 404|0x0000000099400000, 0x0000000099500000, 0x0000000099500000|100%| O|  |TAMS 0x0000000099500000| PB 0x0000000099500000| Updating 
| 405|0x0000000099500000, 0x0000000099600000, 0x0000000099600000|100%| O|  |TAMS 0x0000000099600000| PB 0x0000000099600000| Updating 
| 406|0x0000000099600000, 0x0000000099700000, 0x0000000099700000|100%| O|  |TAMS 0x0000000099700000| PB 0x0000000099700000| Updating 
| 407|0x0000000099700000, 0x0000000099800000, 0x0000000099800000|100%| O|  |TAMS 0x0000000099800000| PB 0x0000000099800000| Updating 
| 408|0x0000000099800000, 0x0000000099900000, 0x0000000099900000|100%| O|  |TAMS 0x0000000099900000| PB 0x0000000099900000| Updating 
| 409|0x0000000099900000, 0x0000000099a00000, 0x0000000099a00000|100%| O|  |TAMS 0x0000000099900000| PB 0x0000000099900000| Untracked 
| 410|0x0000000099a00000, 0x0000000099b00000, 0x0000000099b00000|100%| O|  |TAMS 0x0000000099a00000| PB 0x0000000099a00000| Untracked 
| 411|0x0000000099b00000, 0x0000000099c00000, 0x0000000099c00000|100%| O|  |TAMS 0x0000000099b00000| PB 0x0000000099b00000| Untracked 
| 412|0x0000000099c00000, 0x0000000099d00000, 0x0000000099d00000|100%| O|  |TAMS 0x0000000099c00000| PB 0x0000000099c00000| Untracked 
| 413|0x0000000099d00000, 0x0000000099e00000, 0x0000000099e00000|100%| O|  |TAMS 0x0000000099d00000| PB 0x0000000099d00000| Untracked 
| 414|0x0000000099e00000, 0x0000000099f00000, 0x0000000099f00000|100%| O|  |TAMS 0x0000000099e00000| PB 0x0000000099e00000| Untracked 
| 415|0x0000000099f00000, 0x000000009a000000, 0x000000009a000000|100%| O|  |TAMS 0x0000000099f00000| PB 0x0000000099f00000| Untracked 
| 416|0x000000009a000000, 0x000000009a100000, 0x000000009a100000|100%| O|  |TAMS 0x000000009a000000| PB 0x000000009a000000| Untracked 
| 417|0x000000009a100000, 0x000000009a200000, 0x000000009a200000|100%| O|  |TAMS 0x000000009a100000| PB 0x000000009a100000| Untracked 
| 418|0x000000009a200000, 0x000000009a300000, 0x000000009a300000|100%| O|  |TAMS 0x000000009a200000| PB 0x000000009a200000| Untracked 
| 419|0x000000009a300000, 0x000000009a400000, 0x000000009a400000|100%| O|  |TAMS 0x000000009a300000| PB 0x000000009a300000| Untracked 
| 420|0x000000009a400000, 0x000000009a500000, 0x000000009a500000|100%| O|  |TAMS 0x000000009a400000| PB 0x000000009a400000| Untracked 
| 421|0x000000009a500000, 0x000000009a600000, 0x000000009a600000|100%| O|  |TAMS 0x000000009a500000| PB 0x000000009a500000| Untracked 
| 422|0x000000009a600000, 0x000000009a700000, 0x000000009a700000|100%| O|  |TAMS 0x000000009a600000| PB 0x000000009a600000| Untracked 
| 423|0x000000009a700000, 0x000000009a800000, 0x000000009a800000|100%| O|  |TAMS 0x000000009a700000| PB 0x000000009a700000| Untracked 
| 424|0x000000009a800000, 0x000000009a900000, 0x000000009a900000|100%| O|  |TAMS 0x000000009a800000| PB 0x000000009a800000| Untracked 
| 425|0x000000009a900000, 0x000000009aa00000, 0x000000009aa00000|100%| O|  |TAMS 0x000000009a900000| PB 0x000000009a900000| Untracked 
| 426|0x000000009aa00000, 0x000000009ab00000, 0x000000009ab00000|100%| O|  |TAMS 0x000000009aa00000| PB 0x000000009aa00000| Untracked 
| 427|0x000000009ab00000, 0x000000009ac00000, 0x000000009ac00000|100%| O|  |TAMS 0x000000009ab00000| PB 0x000000009ab00000| Untracked 
| 428|0x000000009ac00000, 0x000000009ad00000, 0x000000009ad00000|100%| O|  |TAMS 0x000000009ac00000| PB 0x000000009ac00000| Untracked 
| 429|0x000000009ad00000, 0x000000009ae00000, 0x000000009ae00000|100%| O|  |TAMS 0x000000009ad00000| PB 0x000000009ad00000| Untracked 
| 430|0x000000009ae00000, 0x000000009af00000, 0x000000009af00000|100%| O|  |TAMS 0x000000009af00000| PB 0x000000009af00000| Updating 
| 431|0x000000009af00000, 0x000000009b000000, 0x000000009b000000|100%| O|  |TAMS 0x000000009af80000| PB 0x000000009af80000| Updating 
| 432|0x000000009b000000, 0x000000009b100000, 0x000000009b100000|100%| O|  |TAMS 0x000000009b000000| PB 0x000000009b000000| Untracked 
| 433|0x000000009b100000, 0x000000009b200000, 0x000000009b200000|100%| O|  |TAMS 0x000000009b100000| PB 0x000000009b100000| Untracked 
| 434|0x000000009b200000, 0x000000009b300000, 0x000000009b300000|100%| O|  |TAMS 0x000000009b200000| PB 0x000000009b200000| Untracked 
| 435|0x000000009b300000, 0x000000009b400000, 0x000000009b400000|100%| O|  |TAMS 0x000000009b300000| PB 0x000000009b300000| Untracked 
| 436|0x000000009b400000, 0x000000009b500000, 0x000000009b500000|100%| O|  |TAMS 0x000000009b400000| PB 0x000000009b400000| Untracked 
| 437|0x000000009b500000, 0x000000009b600000, 0x000000009b600000|100%| O|  |TAMS 0x000000009b500000| PB 0x000000009b500000| Untracked 
| 438|0x000000009b600000, 0x000000009b700000, 0x000000009b700000|100%| O|  |TAMS 0x000000009b600000| PB 0x000000009b600000| Untracked 
| 439|0x000000009b700000, 0x000000009b800000, 0x000000009b800000|100%| O|  |TAMS 0x000000009b700000| PB 0x000000009b700000| Untracked 
| 440|0x000000009b800000, 0x000000009b900000, 0x000000009b900000|100%| O|  |TAMS 0x000000009b800000| PB 0x000000009b800000| Untracked 
| 441|0x000000009b900000, 0x000000009ba00000, 0x000000009ba00000|100%| O|  |TAMS 0x000000009b900000| PB 0x000000009b900000| Untracked 
| 442|0x000000009ba00000, 0x000000009bb00000, 0x000000009bb00000|100%| O|  |TAMS 0x000000009ba00000| PB 0x000000009ba00000| Untracked 
| 443|0x000000009bb00000, 0x000000009bc00000, 0x000000009bc00000|100%| O|  |TAMS 0x000000009bb00000| PB 0x000000009bb00000| Untracked 
| 444|0x000000009bc00000, 0x000000009bd00000, 0x000000009bd00000|100%| O|  |TAMS 0x000000009bc00000| PB 0x000000009bc00000| Untracked 
| 445|0x000000009bd00000, 0x000000009be00000, 0x000000009be00000|100%| O|  |TAMS 0x000000009bd00000| PB 0x000000009bd00000| Untracked 
| 446|0x000000009be00000, 0x000000009bf00000, 0x000000009bf00000|100%| O|  |TAMS 0x000000009be00000| PB 0x000000009be00000| Untracked 
| 447|0x000000009bf00000, 0x000000009c000000, 0x000000009c000000|100%| O|  |TAMS 0x000000009bf00000| PB 0x000000009bf00000| Untracked 
| 448|0x000000009c000000, 0x000000009c100000, 0x000000009c100000|100%| O|  |TAMS 0x000000009c000000| PB 0x000000009c000000| Untracked 
| 449|0x000000009c100000, 0x000000009c200000, 0x000000009c200000|100%| O|  |TAMS 0x000000009c100000| PB 0x000000009c100000| Untracked 
| 450|0x000000009c200000, 0x000000009c300000, 0x000000009c300000|100%| O|  |TAMS 0x000000009c200000| PB 0x000000009c200000| Untracked 
| 451|0x000000009c300000, 0x000000009c400000, 0x000000009c400000|100%| O|  |TAMS 0x000000009c300000| PB 0x000000009c300000| Untracked 
| 452|0x000000009c400000, 0x000000009c500000, 0x000000009c500000|100%| O|  |TAMS 0x000000009c400000| PB 0x000000009c400000| Untracked 
| 453|0x000000009c500000, 0x000000009c600000, 0x000000009c600000|100%| O|  |TAMS 0x000000009c500000| PB 0x000000009c500000| Untracked 
| 454|0x000000009c600000, 0x000000009c700000, 0x000000009c700000|100%| O|  |TAMS 0x000000009c600000| PB 0x000000009c600000| Untracked 
| 455|0x000000009c700000, 0x000000009c800000, 0x000000009c800000|100%| O|  |TAMS 0x000000009c700000| PB 0x000000009c700000| Untracked 
| 456|0x000000009c800000, 0x000000009c900000, 0x000000009c900000|100%| O|  |TAMS 0x000000009c800000| PB 0x000000009c800000| Untracked 
| 457|0x000000009c900000, 0x000000009ca00000, 0x000000009ca00000|100%| O|  |TAMS 0x000000009c900000| PB 0x000000009c900000| Untracked 
| 458|0x000000009ca00000, 0x000000009cb00000, 0x000000009cb00000|100%| O|  |TAMS 0x000000009ca00000| PB 0x000000009ca00000| Untracked 
| 459|0x000000009cb00000, 0x000000009cc00000, 0x000000009cc00000|100%| O|  |TAMS 0x000000009cb00000| PB 0x000000009cb00000| Untracked 
| 460|0x000000009cc00000, 0x000000009cd00000, 0x000000009cd00000|100%| O|  |TAMS 0x000000009cc00000| PB 0x000000009cc00000| Untracked 
| 461|0x000000009cd00000, 0x000000009ce00000, 0x000000009ce00000|100%| O|  |TAMS 0x000000009cd00000| PB 0x000000009cd00000| Untracked 
| 462|0x000000009ce00000, 0x000000009cf00000, 0x000000009cf00000|100%| O|  |TAMS 0x000000009ce00000| PB 0x000000009ce00000| Untracked 
| 463|0x000000009cf00000, 0x000000009d000000, 0x000000009d000000|100%| O|  |TAMS 0x000000009cf00000| PB 0x000000009cf00000| Untracked 
| 464|0x000000009d000000, 0x000000009d100000, 0x000000009d100000|100%| O|  |TAMS 0x000000009d000000| PB 0x000000009d000000| Untracked 
| 465|0x000000009d100000, 0x000000009d200000, 0x000000009d200000|100%| O|  |TAMS 0x000000009d100000| PB 0x000000009d100000| Untracked 
| 466|0x000000009d200000, 0x000000009d300000, 0x000000009d300000|100%| O|  |TAMS 0x000000009d200000| PB 0x000000009d200000| Untracked 
| 467|0x000000009d300000, 0x000000009d400000, 0x000000009d400000|100%| O|  |TAMS 0x000000009d300000| PB 0x000000009d300000| Untracked 
| 468|0x000000009d400000, 0x000000009d500000, 0x000000009d500000|100%| O|  |TAMS 0x000000009d400000| PB 0x000000009d400000| Untracked 
| 469|0x000000009d500000, 0x000000009d600000, 0x000000009d600000|100%| O|  |TAMS 0x000000009d500000| PB 0x000000009d500000| Untracked 
| 470|0x000000009d600000, 0x000000009d700000, 0x000000009d700000|100%| O|  |TAMS 0x000000009d600000| PB 0x000000009d600000| Untracked 
| 471|0x000000009d700000, 0x000000009d800000, 0x000000009d800000|100%| O|  |TAMS 0x000000009d700000| PB 0x000000009d700000| Untracked 
| 472|0x000000009d800000, 0x000000009d900000, 0x000000009d900000|100%| O|  |TAMS 0x000000009d800000| PB 0x000000009d800000| Untracked 
| 473|0x000000009d900000, 0x000000009da00000, 0x000000009da00000|100%| O|  |TAMS 0x000000009d900000| PB 0x000000009d900000| Untracked 
| 474|0x000000009da00000, 0x000000009db00000, 0x000000009db00000|100%| O|  |TAMS 0x000000009da00000| PB 0x000000009da00000| Untracked 
| 475|0x000000009db00000, 0x000000009dc00000, 0x000000009dc00000|100%| O|  |TAMS 0x000000009db00000| PB 0x000000009db00000| Untracked 
| 476|0x000000009dc00000, 0x000000009dd00000, 0x000000009dd00000|100%| O|  |TAMS 0x000000009dc00000| PB 0x000000009dc00000| Untracked 
| 477|0x000000009dd00000, 0x000000009de00000, 0x000000009de00000|100%| O|  |TAMS 0x000000009dd00000| PB 0x000000009dd00000| Untracked 
| 478|0x000000009de00000, 0x000000009df00000, 0x000000009df00000|100%| O|  |TAMS 0x000000009de00000| PB 0x000000009de00000| Untracked 
| 479|0x000000009df00000, 0x000000009e000000, 0x000000009e000000|100%| O|  |TAMS 0x000000009df00000| PB 0x000000009df00000| Untracked 
| 480|0x000000009e000000, 0x000000009e100000, 0x000000009e100000|100%| O|  |TAMS 0x000000009e000000| PB 0x000000009e000000| Untracked 
| 481|0x000000009e100000, 0x000000009e200000, 0x000000009e200000|100%| O|  |TAMS 0x000000009e100000| PB 0x000000009e100000| Untracked 
| 482|0x000000009e200000, 0x000000009e300000, 0x000000009e300000|100%| O|  |TAMS 0x000000009e200000| PB 0x000000009e200000| Untracked 
| 483|0x000000009e300000, 0x000000009e400000, 0x000000009e400000|100%| O|  |TAMS 0x000000009e300000| PB 0x000000009e300000| Untracked 
| 484|0x000000009e400000, 0x000000009e500000, 0x000000009e500000|100%| O|  |TAMS 0x000000009e400000| PB 0x000000009e400000| Untracked 
| 485|0x000000009e500000, 0x000000009e600000, 0x000000009e600000|100%| O|  |TAMS 0x000000009e500000| PB 0x000000009e500000| Untracked 
| 486|0x000000009e600000, 0x000000009e700000, 0x000000009e700000|100%| O|  |TAMS 0x000000009e600000| PB 0x000000009e600000| Untracked 
| 487|0x000000009e700000, 0x000000009e800000, 0x000000009e800000|100%| O|  |TAMS 0x000000009e700000| PB 0x000000009e700000| Untracked 
| 488|0x000000009e800000, 0x000000009e900000, 0x000000009e900000|100%| O|  |TAMS 0x000000009e800000| PB 0x000000009e800000| Untracked 
| 489|0x000000009e900000, 0x000000009ea00000, 0x000000009ea00000|100%| O|  |TAMS 0x000000009e900000| PB 0x000000009e900000| Untracked 
| 490|0x000000009ea00000, 0x000000009eb00000, 0x000000009eb00000|100%| O|  |TAMS 0x000000009ea00000| PB 0x000000009ea00000| Updating 
| 491|0x000000009eb00000, 0x000000009ec00000, 0x000000009ec00000|100%|HS|  |TAMS 0x000000009eb00000| PB 0x000000009eb00000| Complete 
| 492|0x000000009ec00000, 0x000000009ed00000, 0x000000009ed00000|100%|HS|  |TAMS 0x000000009ec00000| PB 0x000000009ec00000| Complete 
| 493|0x000000009ed00000, 0x000000009ee00000, 0x000000009ee00000|100%| O|  |TAMS 0x000000009ed00000| PB 0x000000009ed00000| Untracked 
| 494|0x000000009ee00000, 0x000000009ef00000, 0x000000009ef00000|100%| O|  |TAMS 0x000000009ee00000| PB 0x000000009ee00000| Untracked 
| 495|0x000000009ef00000, 0x000000009f000000, 0x000000009f000000|100%| O|  |TAMS 0x000000009ef00000| PB 0x000000009ef00000| Untracked 
| 496|0x000000009f000000, 0x000000009f100000, 0x000000009f100000|100%| O|  |TAMS 0x000000009f000000| PB 0x000000009f000000| Untracked 
| 497|0x000000009f100000, 0x000000009f200000, 0x000000009f200000|100%| O|  |TAMS 0x000000009f100000| PB 0x000000009f100000| Untracked 
| 498|0x000000009f200000, 0x000000009f300000, 0x000000009f300000|100%| O|  |TAMS 0x000000009f200000| PB 0x000000009f200000| Untracked 
| 499|0x000000009f300000, 0x000000009f400000, 0x000000009f400000|100%| O|  |TAMS 0x000000009f300000| PB 0x000000009f300000| Untracked 
| 500|0x000000009f400000, 0x000000009f500000, 0x000000009f500000|100%| O|  |TAMS 0x000000009f400000| PB 0x000000009f400000| Untracked 
| 501|0x000000009f500000, 0x000000009f600000, 0x000000009f600000|100%| O|  |TAMS 0x000000009f500000| PB 0x000000009f500000| Untracked 
| 502|0x000000009f600000, 0x000000009f700000, 0x000000009f700000|100%| O|  |TAMS 0x000000009f600000| PB 0x000000009f600000| Untracked 
| 503|0x000000009f700000, 0x000000009f800000, 0x000000009f800000|100%| O|  |TAMS 0x000000009f700000| PB 0x000000009f700000| Untracked 
| 504|0x000000009f800000, 0x000000009f900000, 0x000000009f900000|100%| O|  |TAMS 0x000000009f800000| PB 0x000000009f800000| Untracked 
| 505|0x000000009f900000, 0x000000009fa00000, 0x000000009fa00000|100%| O|  |TAMS 0x000000009f900000| PB 0x000000009f900000| Untracked 
| 506|0x000000009fa00000, 0x000000009fb00000, 0x000000009fb00000|100%| O|  |TAMS 0x000000009fa00000| PB 0x000000009fa00000| Untracked 
| 507|0x000000009fb00000, 0x000000009fc00000, 0x000000009fc00000|100%| O|  |TAMS 0x000000009fb00000| PB 0x000000009fb00000| Untracked 
| 508|0x000000009fc00000, 0x000000009fd00000, 0x000000009fd00000|100%| O|  |TAMS 0x000000009fc00000| PB 0x000000009fc00000| Untracked 
| 509|0x000000009fd00000, 0x000000009fe00000, 0x000000009fe00000|100%| O|  |TAMS 0x000000009fd00000| PB 0x000000009fd00000| Untracked 
| 510|0x000000009fe00000, 0x000000009ff00000, 0x000000009ff00000|100%| O|  |TAMS 0x000000009fe00000| PB 0x000000009fe00000| Untracked 
| 511|0x000000009ff00000, 0x00000000a0000000, 0x00000000a0000000|100%| O|  |TAMS 0x000000009ff00000| PB 0x000000009ff00000| Untracked 
| 512|0x00000000a0000000, 0x00000000a0100000, 0x00000000a0100000|100%| O|  |TAMS 0x00000000a0000000| PB 0x00000000a0000000| Untracked 
| 513|0x00000000a0100000, 0x00000000a0200000, 0x00000000a0200000|100%| O|  |TAMS 0x00000000a0100000| PB 0x00000000a0100000| Untracked 
| 514|0x00000000a0200000, 0x00000000a0300000, 0x00000000a0300000|100%| O|  |TAMS 0x00000000a0200000| PB 0x00000000a0200000| Untracked 
| 515|0x00000000a0300000, 0x00000000a0400000, 0x00000000a0400000|100%| O|  |TAMS 0x00000000a0300000| PB 0x00000000a0300000| Untracked 
| 516|0x00000000a0400000, 0x00000000a04ed340, 0x00000000a0500000| 92%| O|  |TAMS 0x00000000a0400000| PB 0x00000000a0400000| Untracked 
| 517|0x00000000a0500000, 0x00000000a0500000, 0x00000000a0600000|  0%| F|  |TAMS 0x00000000a0500000| PB 0x00000000a0500000| Untracked 
| 518|0x00000000a0600000, 0x00000000a0600000, 0x00000000a0700000|  0%| F|  |TAMS 0x00000000a0600000| PB 0x00000000a0600000| Untracked 
| 519|0x00000000a0700000, 0x00000000a0700000, 0x00000000a0800000|  0%| F|  |TAMS 0x00000000a0700000| PB 0x00000000a0700000| Untracked 
| 520|0x00000000a0800000, 0x00000000a0800000, 0x00000000a0900000|  0%| F|  |TAMS 0x00000000a0800000| PB 0x00000000a0800000| Untracked 
| 521|0x00000000a0900000, 0x00000000a0900000, 0x00000000a0a00000|  0%| F|  |TAMS 0x00000000a0900000| PB 0x00000000a0900000| Untracked 
| 522|0x00000000a0a00000, 0x00000000a0a00000, 0x00000000a0b00000|  0%| F|  |TAMS 0x00000000a0a00000| PB 0x00000000a0a00000| Untracked 
| 523|0x00000000a0b00000, 0x00000000a0b00000, 0x00000000a0c00000|  0%| F|  |TAMS 0x00000000a0b00000| PB 0x00000000a0b00000| Untracked 
| 524|0x00000000a0c00000, 0x00000000a0c00000, 0x00000000a0d00000|  0%| F|  |TAMS 0x00000000a0c00000| PB 0x00000000a0c00000| Untracked 
| 525|0x00000000a0d00000, 0x00000000a0d00000, 0x00000000a0e00000|  0%| F|  |TAMS 0x00000000a0d00000| PB 0x00000000a0d00000| Untracked 
| 526|0x00000000a0e00000, 0x00000000a0e00000, 0x00000000a0f00000|  0%| F|  |TAMS 0x00000000a0e00000| PB 0x00000000a0e00000| Untracked 
| 527|0x00000000a0f00000, 0x00000000a0f00000, 0x00000000a1000000|  0%| F|  |TAMS 0x00000000a0f00000| PB 0x00000000a0f00000| Untracked 
| 528|0x00000000a1000000, 0x00000000a1000000, 0x00000000a1100000|  0%| F|  |TAMS 0x00000000a1000000| PB 0x00000000a1000000| Untracked 
| 529|0x00000000a1100000, 0x00000000a1100000, 0x00000000a1200000|  0%| F|  |TAMS 0x00000000a1100000| PB 0x00000000a1100000| Untracked 
| 530|0x00000000a1200000, 0x00000000a1200000, 0x00000000a1300000|  0%| F|  |TAMS 0x00000000a1200000| PB 0x00000000a1200000| Untracked 
| 531|0x00000000a1300000, 0x00000000a1300000, 0x00000000a1400000|  0%| F|  |TAMS 0x00000000a1300000| PB 0x00000000a1300000| Untracked 
| 532|0x00000000a1400000, 0x00000000a1400000, 0x00000000a1500000|  0%| F|  |TAMS 0x00000000a1400000| PB 0x00000000a1400000| Untracked 
| 533|0x00000000a1500000, 0x00000000a1500000, 0x00000000a1600000|  0%| F|  |TAMS 0x00000000a1500000| PB 0x00000000a1500000| Untracked 
| 534|0x00000000a1600000, 0x00000000a1600000, 0x00000000a1700000|  0%| F|  |TAMS 0x00000000a1600000| PB 0x00000000a1600000| Untracked 
| 535|0x00000000a1700000, 0x00000000a1700000, 0x00000000a1800000|  0%| F|  |TAMS 0x00000000a1700000| PB 0x00000000a1700000| Untracked 
| 536|0x00000000a1800000, 0x00000000a1800000, 0x00000000a1900000|  0%| F|  |TAMS 0x00000000a1800000| PB 0x00000000a1800000| Untracked 
| 537|0x00000000a1900000, 0x00000000a1900000, 0x00000000a1a00000|  0%| F|  |TAMS 0x00000000a1900000| PB 0x00000000a1900000| Untracked 
| 538|0x00000000a1a00000, 0x00000000a1a00000, 0x00000000a1b00000|  0%| F|  |TAMS 0x00000000a1a00000| PB 0x00000000a1a00000| Untracked 
| 539|0x00000000a1b00000, 0x00000000a1b00000, 0x00000000a1c00000|  0%| F|  |TAMS 0x00000000a1b00000| PB 0x00000000a1b00000| Untracked 
| 540|0x00000000a1c00000, 0x00000000a1c00000, 0x00000000a1d00000|  0%| F|  |TAMS 0x00000000a1c00000| PB 0x00000000a1c00000| Untracked 
| 541|0x00000000a1d00000, 0x00000000a1d00000, 0x00000000a1e00000|  0%| F|  |TAMS 0x00000000a1d00000| PB 0x00000000a1d00000| Untracked 
| 542|0x00000000a1e00000, 0x00000000a1e00000, 0x00000000a1f00000|  0%| F|  |TAMS 0x00000000a1e00000| PB 0x00000000a1e00000| Untracked 
| 543|0x00000000a1f00000, 0x00000000a1f00000, 0x00000000a2000000|  0%| F|  |TAMS 0x00000000a1f00000| PB 0x00000000a1f00000| Untracked 
| 544|0x00000000a2000000, 0x00000000a2000000, 0x00000000a2100000|  0%| F|  |TAMS 0x00000000a2000000| PB 0x00000000a2000000| Untracked 
| 545|0x00000000a2100000, 0x00000000a2100000, 0x00000000a2200000|  0%| F|  |TAMS 0x00000000a2100000| PB 0x00000000a2100000| Untracked 
| 546|0x00000000a2200000, 0x00000000a2200000, 0x00000000a2300000|  0%| F|  |TAMS 0x00000000a2200000| PB 0x00000000a2200000| Untracked 
| 547|0x00000000a2300000, 0x00000000a2300000, 0x00000000a2400000|  0%| F|  |TAMS 0x00000000a2300000| PB 0x00000000a2300000| Untracked 
| 548|0x00000000a2400000, 0x00000000a2400000, 0x00000000a2500000|  0%| F|  |TAMS 0x00000000a2400000| PB 0x00000000a2400000| Untracked 
| 549|0x00000000a2500000, 0x00000000a2500000, 0x00000000a2600000|  0%| F|  |TAMS 0x00000000a2500000| PB 0x00000000a2500000| Untracked 
| 550|0x00000000a2600000, 0x00000000a2600000, 0x00000000a2700000|  0%| F|  |TAMS 0x00000000a2600000| PB 0x00000000a2600000| Untracked 
| 551|0x00000000a2700000, 0x00000000a2700000, 0x00000000a2800000|  0%| F|  |TAMS 0x00000000a2700000| PB 0x00000000a2700000| Untracked 
| 552|0x00000000a2800000, 0x00000000a2800000, 0x00000000a2900000|  0%| F|  |TAMS 0x00000000a2800000| PB 0x00000000a2800000| Untracked 
| 553|0x00000000a2900000, 0x00000000a2900000, 0x00000000a2a00000|  0%| F|  |TAMS 0x00000000a2900000| PB 0x00000000a2900000| Untracked 
| 554|0x00000000a2a00000, 0x00000000a2a00000, 0x00000000a2b00000|  0%| F|  |TAMS 0x00000000a2a00000| PB 0x00000000a2a00000| Untracked 
| 555|0x00000000a2b00000, 0x00000000a2b00000, 0x00000000a2c00000|  0%| F|  |TAMS 0x00000000a2b00000| PB 0x00000000a2b00000| Untracked 
| 556|0x00000000a2c00000, 0x00000000a2c00000, 0x00000000a2d00000|  0%| F|  |TAMS 0x00000000a2c00000| PB 0x00000000a2c00000| Untracked 
| 557|0x00000000a2d00000, 0x00000000a2d00000, 0x00000000a2e00000|  0%| F|  |TAMS 0x00000000a2d00000| PB 0x00000000a2d00000| Untracked 
| 558|0x00000000a2e00000, 0x00000000a2e00000, 0x00000000a2f00000|  0%| F|  |TAMS 0x00000000a2e00000| PB 0x00000000a2e00000| Untracked 
| 559|0x00000000a2f00000, 0x00000000a2f00000, 0x00000000a3000000|  0%| F|  |TAMS 0x00000000a2f00000| PB 0x00000000a2f00000| Untracked 
| 560|0x00000000a3000000, 0x00000000a3000000, 0x00000000a3100000|  0%| F|  |TAMS 0x00000000a3000000| PB 0x00000000a3000000| Untracked 
| 561|0x00000000a3100000, 0x00000000a3100000, 0x00000000a3200000|  0%| F|  |TAMS 0x00000000a3100000| PB 0x00000000a3100000| Untracked 
| 562|0x00000000a3200000, 0x00000000a3200000, 0x00000000a3300000|  0%| F|  |TAMS 0x00000000a3200000| PB 0x00000000a3200000| Untracked 
| 563|0x00000000a3300000, 0x00000000a3300000, 0x00000000a3400000|  0%| F|  |TAMS 0x00000000a3300000| PB 0x00000000a3300000| Untracked 
| 564|0x00000000a3400000, 0x00000000a3400000, 0x00000000a3500000|  0%| F|  |TAMS 0x00000000a3400000| PB 0x00000000a3400000| Untracked 
| 565|0x00000000a3500000, 0x00000000a3500000, 0x00000000a3600000|  0%| F|  |TAMS 0x00000000a3500000| PB 0x00000000a3500000| Untracked 
| 566|0x00000000a3600000, 0x00000000a3600000, 0x00000000a3700000|  0%| F|  |TAMS 0x00000000a3600000| PB 0x00000000a3600000| Untracked 
| 567|0x00000000a3700000, 0x00000000a3700000, 0x00000000a3800000|  0%| F|  |TAMS 0x00000000a3700000| PB 0x00000000a3700000| Untracked 
| 568|0x00000000a3800000, 0x00000000a3800000, 0x00000000a3900000|  0%| F|  |TAMS 0x00000000a3800000| PB 0x00000000a3800000| Untracked 
| 569|0x00000000a3900000, 0x00000000a3900000, 0x00000000a3a00000|  0%| F|  |TAMS 0x00000000a3900000| PB 0x00000000a3900000| Untracked 
| 570|0x00000000a3a00000, 0x00000000a3a00000, 0x00000000a3b00000|  0%| F|  |TAMS 0x00000000a3a00000| PB 0x00000000a3a00000| Untracked 
| 571|0x00000000a3b00000, 0x00000000a3b00000, 0x00000000a3c00000|  0%| F|  |TAMS 0x00000000a3b00000| PB 0x00000000a3b00000| Untracked 
| 572|0x00000000a3c00000, 0x00000000a3c00000, 0x00000000a3d00000|  0%| F|  |TAMS 0x00000000a3c00000| PB 0x00000000a3c00000| Untracked 
| 573|0x00000000a3d00000, 0x00000000a3d00000, 0x00000000a3e00000|  0%| F|  |TAMS 0x00000000a3d00000| PB 0x00000000a3d00000| Untracked 
| 574|0x00000000a3e00000, 0x00000000a3e00000, 0x00000000a3f00000|  0%| F|  |TAMS 0x00000000a3e00000| PB 0x00000000a3e00000| Untracked 
| 575|0x00000000a3f00000, 0x00000000a3f00000, 0x00000000a4000000|  0%| F|  |TAMS 0x00000000a3f00000| PB 0x00000000a3f00000| Untracked 
| 576|0x00000000a4000000, 0x00000000a4000000, 0x00000000a4100000|  0%| F|  |TAMS 0x00000000a4000000| PB 0x00000000a4000000| Untracked 
| 577|0x00000000a4100000, 0x00000000a4100000, 0x00000000a4200000|  0%| F|  |TAMS 0x00000000a4100000| PB 0x00000000a4100000| Untracked 
| 578|0x00000000a4200000, 0x00000000a4200000, 0x00000000a4300000|  0%| F|  |TAMS 0x00000000a4200000| PB 0x00000000a4200000| Untracked 
| 579|0x00000000a4300000, 0x00000000a4300000, 0x00000000a4400000|  0%| F|  |TAMS 0x00000000a4300000| PB 0x00000000a4300000| Untracked 
| 580|0x00000000a4400000, 0x00000000a4400000, 0x00000000a4500000|  0%| F|  |TAMS 0x00000000a4400000| PB 0x00000000a4400000| Untracked 
| 581|0x00000000a4500000, 0x00000000a4500000, 0x00000000a4600000|  0%| F|  |TAMS 0x00000000a4500000| PB 0x00000000a4500000| Untracked 
| 582|0x00000000a4600000, 0x00000000a4600000, 0x00000000a4700000|  0%| F|  |TAMS 0x00000000a4600000| PB 0x00000000a4600000| Untracked 
| 583|0x00000000a4700000, 0x00000000a4700000, 0x00000000a4800000|  0%| F|  |TAMS 0x00000000a4700000| PB 0x00000000a4700000| Untracked 
| 584|0x00000000a4800000, 0x00000000a4800000, 0x00000000a4900000|  0%| F|  |TAMS 0x00000000a4800000| PB 0x00000000a4800000| Untracked 
| 585|0x00000000a4900000, 0x00000000a4900000, 0x00000000a4a00000|  0%| F|  |TAMS 0x00000000a4900000| PB 0x00000000a4900000| Untracked 
| 586|0x00000000a4a00000, 0x00000000a4a00000, 0x00000000a4b00000|  0%| F|  |TAMS 0x00000000a4a00000| PB 0x00000000a4a00000| Untracked 
| 587|0x00000000a4b00000, 0x00000000a4b00000, 0x00000000a4c00000|  0%| F|  |TAMS 0x00000000a4b00000| PB 0x00000000a4b00000| Untracked 
| 588|0x00000000a4c00000, 0x00000000a4c00000, 0x00000000a4d00000|  0%| F|  |TAMS 0x00000000a4c00000| PB 0x00000000a4c00000| Untracked 
| 589|0x00000000a4d00000, 0x00000000a4d00000, 0x00000000a4e00000|  0%| F|  |TAMS 0x00000000a4d00000| PB 0x00000000a4d00000| Untracked 
| 590|0x00000000a4e00000, 0x00000000a4e00000, 0x00000000a4f00000|  0%| F|  |TAMS 0x00000000a4e00000| PB 0x00000000a4e00000| Untracked 
| 591|0x00000000a4f00000, 0x00000000a4f00000, 0x00000000a5000000|  0%| F|  |TAMS 0x00000000a4f00000| PB 0x00000000a4f00000| Untracked 
| 592|0x00000000a5000000, 0x00000000a5000000, 0x00000000a5100000|  0%| F|  |TAMS 0x00000000a5000000| PB 0x00000000a5000000| Untracked 
| 593|0x00000000a5100000, 0x00000000a5100000, 0x00000000a5200000|  0%| F|  |TAMS 0x00000000a5100000| PB 0x00000000a5100000| Untracked 
| 594|0x00000000a5200000, 0x00000000a5200000, 0x00000000a5300000|  0%| F|  |TAMS 0x00000000a5200000| PB 0x00000000a5200000| Untracked 
| 595|0x00000000a5300000, 0x00000000a5300000, 0x00000000a5400000|  0%| F|  |TAMS 0x00000000a5300000| PB 0x00000000a5300000| Untracked 
| 596|0x00000000a5400000, 0x00000000a5400000, 0x00000000a5500000|  0%| F|  |TAMS 0x00000000a5400000| PB 0x00000000a5400000| Untracked 
| 597|0x00000000a5500000, 0x00000000a5500000, 0x00000000a5600000|  0%| F|  |TAMS 0x00000000a5500000| PB 0x00000000a5500000| Untracked 
| 598|0x00000000a5600000, 0x00000000a5600000, 0x00000000a5700000|  0%| F|  |TAMS 0x00000000a5600000| PB 0x00000000a5600000| Untracked 
| 599|0x00000000a5700000, 0x00000000a5700000, 0x00000000a5800000|  0%| F|  |TAMS 0x00000000a5700000| PB 0x00000000a5700000| Untracked 
| 600|0x00000000a5800000, 0x00000000a5800000, 0x00000000a5900000|  0%| F|  |TAMS 0x00000000a5800000| PB 0x00000000a5800000| Untracked 
| 601|0x00000000a5900000, 0x00000000a5900000, 0x00000000a5a00000|  0%| F|  |TAMS 0x00000000a5900000| PB 0x00000000a5900000| Untracked 
| 602|0x00000000a5a00000, 0x00000000a5a00000, 0x00000000a5b00000|  0%| F|  |TAMS 0x00000000a5a00000| PB 0x00000000a5a00000| Untracked 
| 603|0x00000000a5b00000, 0x00000000a5b00000, 0x00000000a5c00000|  0%| F|  |TAMS 0x00000000a5b00000| PB 0x00000000a5b00000| Untracked 
| 604|0x00000000a5c00000, 0x00000000a5c00000, 0x00000000a5d00000|  0%| F|  |TAMS 0x00000000a5c00000| PB 0x00000000a5c00000| Untracked 
| 605|0x00000000a5d00000, 0x00000000a5d00000, 0x00000000a5e00000|  0%| F|  |TAMS 0x00000000a5d00000| PB 0x00000000a5d00000| Untracked 
| 606|0x00000000a5e00000, 0x00000000a5e00000, 0x00000000a5f00000|  0%| F|  |TAMS 0x00000000a5e00000| PB 0x00000000a5e00000| Untracked 
| 607|0x00000000a5f00000, 0x00000000a5f00000, 0x00000000a6000000|  0%| F|  |TAMS 0x00000000a5f00000| PB 0x00000000a5f00000| Untracked 
| 608|0x00000000a6000000, 0x00000000a6000000, 0x00000000a6100000|  0%| F|  |TAMS 0x00000000a6000000| PB 0x00000000a6000000| Untracked 
| 609|0x00000000a6100000, 0x00000000a6100000, 0x00000000a6200000|  0%| F|  |TAMS 0x00000000a6100000| PB 0x00000000a6100000| Untracked 
| 610|0x00000000a6200000, 0x00000000a6200000, 0x00000000a6300000|  0%| F|  |TAMS 0x00000000a6200000| PB 0x00000000a6200000| Untracked 
| 611|0x00000000a6300000, 0x00000000a6300000, 0x00000000a6400000|  0%| F|  |TAMS 0x00000000a6300000| PB 0x00000000a6300000| Untracked 
| 612|0x00000000a6400000, 0x00000000a6400000, 0x00000000a6500000|  0%| F|  |TAMS 0x00000000a6400000| PB 0x00000000a6400000| Untracked 
| 613|0x00000000a6500000, 0x00000000a6500000, 0x00000000a6600000|  0%| F|  |TAMS 0x00000000a6500000| PB 0x00000000a6500000| Untracked 
| 614|0x00000000a6600000, 0x00000000a6600000, 0x00000000a6700000|  0%| F|  |TAMS 0x00000000a6600000| PB 0x00000000a6600000| Untracked 
| 615|0x00000000a6700000, 0x00000000a6700000, 0x00000000a6800000|  0%| F|  |TAMS 0x00000000a6700000| PB 0x00000000a6700000| Untracked 
| 616|0x00000000a6800000, 0x00000000a6800000, 0x00000000a6900000|  0%| F|  |TAMS 0x00000000a6800000| PB 0x00000000a6800000| Untracked 
| 617|0x00000000a6900000, 0x00000000a6900000, 0x00000000a6a00000|  0%| F|  |TAMS 0x00000000a6900000| PB 0x00000000a6900000| Untracked 
| 618|0x00000000a6a00000, 0x00000000a6a00000, 0x00000000a6b00000|  0%| F|  |TAMS 0x00000000a6a00000| PB 0x00000000a6a00000| Untracked 
| 619|0x00000000a6b00000, 0x00000000a6b00000, 0x00000000a6c00000|  0%| F|  |TAMS 0x00000000a6b00000| PB 0x00000000a6b00000| Untracked 
| 620|0x00000000a6c00000, 0x00000000a6c00000, 0x00000000a6d00000|  0%| F|  |TAMS 0x00000000a6c00000| PB 0x00000000a6c00000| Untracked 
| 621|0x00000000a6d00000, 0x00000000a6d00000, 0x00000000a6e00000|  0%| F|  |TAMS 0x00000000a6d00000| PB 0x00000000a6d00000| Untracked 
| 622|0x00000000a6e00000, 0x00000000a6e00000, 0x00000000a6f00000|  0%| F|  |TAMS 0x00000000a6e00000| PB 0x00000000a6e00000| Untracked 
| 623|0x00000000a6f00000, 0x00000000a6f00000, 0x00000000a7000000|  0%| F|  |TAMS 0x00000000a6f00000| PB 0x00000000a6f00000| Untracked 
| 624|0x00000000a7000000, 0x00000000a7000000, 0x00000000a7100000|  0%| F|  |TAMS 0x00000000a7000000| PB 0x00000000a7000000| Untracked 
| 625|0x00000000a7100000, 0x00000000a7100000, 0x00000000a7200000|  0%| F|  |TAMS 0x00000000a7100000| PB 0x00000000a7100000| Untracked 
| 626|0x00000000a7200000, 0x00000000a7200000, 0x00000000a7300000|  0%| F|  |TAMS 0x00000000a7200000| PB 0x00000000a7200000| Untracked 
| 627|0x00000000a7300000, 0x00000000a7300000, 0x00000000a7400000|  0%| F|  |TAMS 0x00000000a7300000| PB 0x00000000a7300000| Untracked 
| 628|0x00000000a7400000, 0x00000000a7400000, 0x00000000a7500000|  0%| F|  |TAMS 0x00000000a7400000| PB 0x00000000a7400000| Untracked 
| 629|0x00000000a7500000, 0x00000000a7500000, 0x00000000a7600000|  0%| F|  |TAMS 0x00000000a7500000| PB 0x00000000a7500000| Untracked 
| 630|0x00000000a7600000, 0x00000000a7600000, 0x00000000a7700000|  0%| F|  |TAMS 0x00000000a7600000| PB 0x00000000a7600000| Untracked 
| 631|0x00000000a7700000, 0x00000000a7700000, 0x00000000a7800000|  0%| F|  |TAMS 0x00000000a7700000| PB 0x00000000a7700000| Untracked 
| 632|0x00000000a7800000, 0x00000000a7800000, 0x00000000a7900000|  0%| F|  |TAMS 0x00000000a7800000| PB 0x00000000a7800000| Untracked 
| 633|0x00000000a7900000, 0x00000000a7900000, 0x00000000a7a00000|  0%| F|  |TAMS 0x00000000a7900000| PB 0x00000000a7900000| Untracked 
| 634|0x00000000a7a00000, 0x00000000a7a00000, 0x00000000a7b00000|  0%| F|  |TAMS 0x00000000a7a00000| PB 0x00000000a7a00000| Untracked 
| 635|0x00000000a7b00000, 0x00000000a7b00000, 0x00000000a7c00000|  0%| F|  |TAMS 0x00000000a7b00000| PB 0x00000000a7b00000| Untracked 
| 636|0x00000000a7c00000, 0x00000000a7c00000, 0x00000000a7d00000|  0%| F|  |TAMS 0x00000000a7c00000| PB 0x00000000a7c00000| Untracked 
| 637|0x00000000a7d00000, 0x00000000a7d00000, 0x00000000a7e00000|  0%| F|  |TAMS 0x00000000a7d00000| PB 0x00000000a7d00000| Untracked 
| 638|0x00000000a7e00000, 0x00000000a7e00000, 0x00000000a7f00000|  0%| F|  |TAMS 0x00000000a7e00000| PB 0x00000000a7e00000| Untracked 
| 639|0x00000000a7f00000, 0x00000000a7f00000, 0x00000000a8000000|  0%| F|  |TAMS 0x00000000a7f00000| PB 0x00000000a7f00000| Untracked 
| 640|0x00000000a8000000, 0x00000000a8000000, 0x00000000a8100000|  0%| F|  |TAMS 0x00000000a8000000| PB 0x00000000a8000000| Untracked 
| 641|0x00000000a8100000, 0x00000000a8100000, 0x00000000a8200000|  0%| F|  |TAMS 0x00000000a8100000| PB 0x00000000a8100000| Untracked 
| 642|0x00000000a8200000, 0x00000000a8200000, 0x00000000a8300000|  0%| F|  |TAMS 0x00000000a8200000| PB 0x00000000a8200000| Untracked 
| 643|0x00000000a8300000, 0x00000000a8300000, 0x00000000a8400000|  0%| F|  |TAMS 0x00000000a8300000| PB 0x00000000a8300000| Untracked 
| 644|0x00000000a8400000, 0x00000000a8400000, 0x00000000a8500000|  0%| F|  |TAMS 0x00000000a8400000| PB 0x00000000a8400000| Untracked 
| 645|0x00000000a8500000, 0x00000000a8500000, 0x00000000a8600000|  0%| F|  |TAMS 0x00000000a8500000| PB 0x00000000a8500000| Untracked 
| 646|0x00000000a8600000, 0x00000000a8600000, 0x00000000a8700000|  0%| F|  |TAMS 0x00000000a8600000| PB 0x00000000a8600000| Untracked 
| 647|0x00000000a8700000, 0x00000000a8700000, 0x00000000a8800000|  0%| F|  |TAMS 0x00000000a8700000| PB 0x00000000a8700000| Untracked 
| 648|0x00000000a8800000, 0x00000000a8800000, 0x00000000a8900000|  0%| F|  |TAMS 0x00000000a8800000| PB 0x00000000a8800000| Untracked 
| 649|0x00000000a8900000, 0x00000000a8900000, 0x00000000a8a00000|  0%| F|  |TAMS 0x00000000a8900000| PB 0x00000000a8900000| Untracked 
| 650|0x00000000a8a00000, 0x00000000a8a00000, 0x00000000a8b00000|  0%| F|  |TAMS 0x00000000a8a00000| PB 0x00000000a8a00000| Untracked 
| 651|0x00000000a8b00000, 0x00000000a8b00000, 0x00000000a8c00000|  0%| F|  |TAMS 0x00000000a8b00000| PB 0x00000000a8b00000| Untracked 
| 652|0x00000000a8c00000, 0x00000000a8c00000, 0x00000000a8d00000|  0%| F|  |TAMS 0x00000000a8c00000| PB 0x00000000a8c00000| Untracked 
| 653|0x00000000a8d00000, 0x00000000a8d00000, 0x00000000a8e00000|  0%| F|  |TAMS 0x00000000a8d00000| PB 0x00000000a8d00000| Untracked 
| 654|0x00000000a8e00000, 0x00000000a8e00000, 0x00000000a8f00000|  0%| F|  |TAMS 0x00000000a8e00000| PB 0x00000000a8e00000| Untracked 
| 655|0x00000000a8f00000, 0x00000000a8f00000, 0x00000000a9000000|  0%| F|  |TAMS 0x00000000a8f00000| PB 0x00000000a8f00000| Untracked 
| 656|0x00000000a9000000, 0x00000000a9000000, 0x00000000a9100000|  0%| F|  |TAMS 0x00000000a9000000| PB 0x00000000a9000000| Untracked 
| 657|0x00000000a9100000, 0x00000000a9100000, 0x00000000a9200000|  0%| F|  |TAMS 0x00000000a9100000| PB 0x00000000a9100000| Untracked 
| 658|0x00000000a9200000, 0x00000000a9200000, 0x00000000a9300000|  0%| F|  |TAMS 0x00000000a9200000| PB 0x00000000a9200000| Untracked 
| 659|0x00000000a9300000, 0x00000000a9300000, 0x00000000a9400000|  0%| F|  |TAMS 0x00000000a9300000| PB 0x00000000a9300000| Untracked 
| 660|0x00000000a9400000, 0x00000000a9400000, 0x00000000a9500000|  0%| F|  |TAMS 0x00000000a9400000| PB 0x00000000a9400000| Untracked 
| 661|0x00000000a9500000, 0x00000000a9500000, 0x00000000a9600000|  0%| F|  |TAMS 0x00000000a9500000| PB 0x00000000a9500000| Untracked 
| 662|0x00000000a9600000, 0x00000000a9600000, 0x00000000a9700000|  0%| F|  |TAMS 0x00000000a9600000| PB 0x00000000a9600000| Untracked 
| 663|0x00000000a9700000, 0x00000000a9700000, 0x00000000a9800000|  0%| F|  |TAMS 0x00000000a9700000| PB 0x00000000a9700000| Untracked 
| 664|0x00000000a9800000, 0x00000000a9800000, 0x00000000a9900000|  0%| F|  |TAMS 0x00000000a9800000| PB 0x00000000a9800000| Untracked 
| 665|0x00000000a9900000, 0x00000000a9900000, 0x00000000a9a00000|  0%| F|  |TAMS 0x00000000a9900000| PB 0x00000000a9900000| Untracked 
| 666|0x00000000a9a00000, 0x00000000a9a00000, 0x00000000a9b00000|  0%| F|  |TAMS 0x00000000a9a00000| PB 0x00000000a9a00000| Untracked 
| 667|0x00000000a9b00000, 0x00000000a9b00000, 0x00000000a9c00000|  0%| F|  |TAMS 0x00000000a9b00000| PB 0x00000000a9b00000| Untracked 
| 668|0x00000000a9c00000, 0x00000000a9c00000, 0x00000000a9d00000|  0%| F|  |TAMS 0x00000000a9c00000| PB 0x00000000a9c00000| Untracked 
| 669|0x00000000a9d00000, 0x00000000a9d00000, 0x00000000a9e00000|  0%| F|  |TAMS 0x00000000a9d00000| PB 0x00000000a9d00000| Untracked 
| 670|0x00000000a9e00000, 0x00000000a9e00000, 0x00000000a9f00000|  0%| F|  |TAMS 0x00000000a9e00000| PB 0x00000000a9e00000| Untracked 
| 671|0x00000000a9f00000, 0x00000000a9f00000, 0x00000000aa000000|  0%| F|  |TAMS 0x00000000a9f00000| PB 0x00000000a9f00000| Untracked 
| 672|0x00000000aa000000, 0x00000000aa000000, 0x00000000aa100000|  0%| F|  |TAMS 0x00000000aa000000| PB 0x00000000aa000000| Untracked 
| 673|0x00000000aa100000, 0x00000000aa100000, 0x00000000aa200000|  0%| F|  |TAMS 0x00000000aa100000| PB 0x00000000aa100000| Untracked 
| 674|0x00000000aa200000, 0x00000000aa200000, 0x00000000aa300000|  0%| F|  |TAMS 0x00000000aa200000| PB 0x00000000aa200000| Untracked 
| 675|0x00000000aa300000, 0x00000000aa300000, 0x00000000aa400000|  0%| F|  |TAMS 0x00000000aa300000| PB 0x00000000aa300000| Untracked 
| 676|0x00000000aa400000, 0x00000000aa400000, 0x00000000aa500000|  0%| F|  |TAMS 0x00000000aa400000| PB 0x00000000aa400000| Untracked 
| 677|0x00000000aa500000, 0x00000000aa500000, 0x00000000aa600000|  0%| F|  |TAMS 0x00000000aa500000| PB 0x00000000aa500000| Untracked 
| 678|0x00000000aa600000, 0x00000000aa600000, 0x00000000aa700000|  0%| F|  |TAMS 0x00000000aa600000| PB 0x00000000aa600000| Untracked 
| 679|0x00000000aa700000, 0x00000000aa700000, 0x00000000aa800000|  0%| F|  |TAMS 0x00000000aa700000| PB 0x00000000aa700000| Untracked 
| 680|0x00000000aa800000, 0x00000000aa800000, 0x00000000aa900000|  0%| F|  |TAMS 0x00000000aa800000| PB 0x00000000aa800000| Untracked 
| 681|0x00000000aa900000, 0x00000000aa900000, 0x00000000aaa00000|  0%| F|  |TAMS 0x00000000aa900000| PB 0x00000000aa900000| Untracked 
| 682|0x00000000aaa00000, 0x00000000aaa00000, 0x00000000aab00000|  0%| F|  |TAMS 0x00000000aaa00000| PB 0x00000000aaa00000| Untracked 
| 683|0x00000000aab00000, 0x00000000aab00000, 0x00000000aac00000|  0%| F|  |TAMS 0x00000000aab00000| PB 0x00000000aab00000| Untracked 
| 684|0x00000000aac00000, 0x00000000aac00000, 0x00000000aad00000|  0%| F|  |TAMS 0x00000000aac00000| PB 0x00000000aac00000| Untracked 
| 685|0x00000000aad00000, 0x00000000aad00000, 0x00000000aae00000|  0%| F|  |TAMS 0x00000000aad00000| PB 0x00000000aad00000| Untracked 
| 686|0x00000000aae00000, 0x00000000aae00000, 0x00000000aaf00000|  0%| F|  |TAMS 0x00000000aae00000| PB 0x00000000aae00000| Untracked 
| 687|0x00000000aaf00000, 0x00000000aaf00000, 0x00000000ab000000|  0%| F|  |TAMS 0x00000000aaf00000| PB 0x00000000aaf00000| Untracked 
| 688|0x00000000ab000000, 0x00000000ab000000, 0x00000000ab100000|  0%| F|  |TAMS 0x00000000ab000000| PB 0x00000000ab000000| Untracked 
| 689|0x00000000ab100000, 0x00000000ab100000, 0x00000000ab200000|  0%| F|  |TAMS 0x00000000ab100000| PB 0x00000000ab100000| Untracked 
| 690|0x00000000ab200000, 0x00000000ab200000, 0x00000000ab300000|  0%| F|  |TAMS 0x00000000ab200000| PB 0x00000000ab200000| Untracked 
| 691|0x00000000ab300000, 0x00000000ab300000, 0x00000000ab400000|  0%| F|  |TAMS 0x00000000ab300000| PB 0x00000000ab300000| Untracked 
| 692|0x00000000ab400000, 0x00000000ab400000, 0x00000000ab500000|  0%| F|  |TAMS 0x00000000ab400000| PB 0x00000000ab400000| Untracked 
| 693|0x00000000ab500000, 0x00000000ab500000, 0x00000000ab600000|  0%| F|  |TAMS 0x00000000ab500000| PB 0x00000000ab500000| Untracked 
| 694|0x00000000ab600000, 0x00000000ab600000, 0x00000000ab700000|  0%| F|  |TAMS 0x00000000ab600000| PB 0x00000000ab600000| Untracked 
| 695|0x00000000ab700000, 0x00000000ab700000, 0x00000000ab800000|  0%| F|  |TAMS 0x00000000ab700000| PB 0x00000000ab700000| Untracked 
| 696|0x00000000ab800000, 0x00000000ab800000, 0x00000000ab900000|  0%| F|  |TAMS 0x00000000ab800000| PB 0x00000000ab800000| Untracked 
| 697|0x00000000ab900000, 0x00000000ab900000, 0x00000000aba00000|  0%| F|  |TAMS 0x00000000ab900000| PB 0x00000000ab900000| Untracked 
| 698|0x00000000aba00000, 0x00000000aba00000, 0x00000000abb00000|  0%| F|  |TAMS 0x00000000aba00000| PB 0x00000000aba00000| Untracked 
| 699|0x00000000abb00000, 0x00000000abb00000, 0x00000000abc00000|  0%| F|  |TAMS 0x00000000abb00000| PB 0x00000000abb00000| Untracked 
| 700|0x00000000abc00000, 0x00000000abc00000, 0x00000000abd00000|  0%| F|  |TAMS 0x00000000abc00000| PB 0x00000000abc00000| Untracked 
| 701|0x00000000abd00000, 0x00000000abd00000, 0x00000000abe00000|  0%| F|  |TAMS 0x00000000abd00000| PB 0x00000000abd00000| Untracked 
| 702|0x00000000abe00000, 0x00000000abe00000, 0x00000000abf00000|  0%| F|  |TAMS 0x00000000abe00000| PB 0x00000000abe00000| Untracked 
| 703|0x00000000abf00000, 0x00000000abf00000, 0x00000000ac000000|  0%| F|  |TAMS 0x00000000abf00000| PB 0x00000000abf00000| Untracked 
| 704|0x00000000ac000000, 0x00000000ac000000, 0x00000000ac100000|  0%| F|  |TAMS 0x00000000ac000000| PB 0x00000000ac000000| Untracked 
| 705|0x00000000ac100000, 0x00000000ac100000, 0x00000000ac200000|  0%| F|  |TAMS 0x00000000ac100000| PB 0x00000000ac100000| Untracked 
| 706|0x00000000ac200000, 0x00000000ac200000, 0x00000000ac300000|  0%| F|  |TAMS 0x00000000ac200000| PB 0x00000000ac200000| Untracked 
| 707|0x00000000ac300000, 0x00000000ac300000, 0x00000000ac400000|  0%| F|  |TAMS 0x00000000ac300000| PB 0x00000000ac300000| Untracked 
| 708|0x00000000ac400000, 0x00000000ac400000, 0x00000000ac500000|  0%| F|  |TAMS 0x00000000ac400000| PB 0x00000000ac400000| Untracked 
| 709|0x00000000ac500000, 0x00000000ac500000, 0x00000000ac600000|  0%| F|  |TAMS 0x00000000ac500000| PB 0x00000000ac500000| Untracked 
| 710|0x00000000ac600000, 0x00000000ac600000, 0x00000000ac700000|  0%| F|  |TAMS 0x00000000ac600000| PB 0x00000000ac600000| Untracked 
| 711|0x00000000ac700000, 0x00000000ac700000, 0x00000000ac800000|  0%| F|  |TAMS 0x00000000ac700000| PB 0x00000000ac700000| Untracked 
| 712|0x00000000ac800000, 0x00000000ac800000, 0x00000000ac900000|  0%| F|  |TAMS 0x00000000ac800000| PB 0x00000000ac800000| Untracked 
| 713|0x00000000ac900000, 0x00000000ac900000, 0x00000000aca00000|  0%| F|  |TAMS 0x00000000ac900000| PB 0x00000000ac900000| Untracked 
| 714|0x00000000aca00000, 0x00000000aca00000, 0x00000000acb00000|  0%| F|  |TAMS 0x00000000aca00000| PB 0x00000000aca00000| Untracked 
| 715|0x00000000acb00000, 0x00000000acb00000, 0x00000000acc00000|  0%| F|  |TAMS 0x00000000acb00000| PB 0x00000000acb00000| Untracked 
| 716|0x00000000acc00000, 0x00000000acc00000, 0x00000000acd00000|  0%| F|  |TAMS 0x00000000acc00000| PB 0x00000000acc00000| Untracked 
| 717|0x00000000acd00000, 0x00000000acd00000, 0x00000000ace00000|  0%| F|  |TAMS 0x00000000acd00000| PB 0x00000000acd00000| Untracked 
| 718|0x00000000ace00000, 0x00000000ace00000, 0x00000000acf00000|  0%| F|  |TAMS 0x00000000ace00000| PB 0x00000000ace00000| Untracked 
| 719|0x00000000acf00000, 0x00000000acf00000, 0x00000000ad000000|  0%| F|  |TAMS 0x00000000acf00000| PB 0x00000000acf00000| Untracked 
| 720|0x00000000ad000000, 0x00000000ad000000, 0x00000000ad100000|  0%| F|  |TAMS 0x00000000ad000000| PB 0x00000000ad000000| Untracked 
| 721|0x00000000ad100000, 0x00000000ad100000, 0x00000000ad200000|  0%| F|  |TAMS 0x00000000ad100000| PB 0x00000000ad100000| Untracked 
| 722|0x00000000ad200000, 0x00000000ad200000, 0x00000000ad300000|  0%| F|  |TAMS 0x00000000ad200000| PB 0x00000000ad200000| Untracked 
| 723|0x00000000ad300000, 0x00000000ad300000, 0x00000000ad400000|  0%| F|  |TAMS 0x00000000ad300000| PB 0x00000000ad300000| Untracked 
| 724|0x00000000ad400000, 0x00000000ad400000, 0x00000000ad500000|  0%| F|  |TAMS 0x00000000ad400000| PB 0x00000000ad400000| Untracked 
| 725|0x00000000ad500000, 0x00000000ad500000, 0x00000000ad600000|  0%| F|  |TAMS 0x00000000ad500000| PB 0x00000000ad500000| Untracked 
| 726|0x00000000ad600000, 0x00000000ad600000, 0x00000000ad700000|  0%| F|  |TAMS 0x00000000ad600000| PB 0x00000000ad600000| Untracked 
| 727|0x00000000ad700000, 0x00000000ad700000, 0x00000000ad800000|  0%| F|  |TAMS 0x00000000ad700000| PB 0x00000000ad700000| Untracked 
| 728|0x00000000ad800000, 0x00000000ad800000, 0x00000000ad900000|  0%| F|  |TAMS 0x00000000ad800000| PB 0x00000000ad800000| Untracked 
| 729|0x00000000ad900000, 0x00000000ad900000, 0x00000000ada00000|  0%| F|  |TAMS 0x00000000ad900000| PB 0x00000000ad900000| Untracked 
| 730|0x00000000ada00000, 0x00000000ada00000, 0x00000000adb00000|  0%| F|  |TAMS 0x00000000ada00000| PB 0x00000000ada00000| Untracked 
| 731|0x00000000adb00000, 0x00000000adb00000, 0x00000000adc00000|  0%| F|  |TAMS 0x00000000adb00000| PB 0x00000000adb00000| Untracked 
| 732|0x00000000adc00000, 0x00000000adc00000, 0x00000000add00000|  0%| F|  |TAMS 0x00000000adc00000| PB 0x00000000adc00000| Untracked 
| 733|0x00000000add00000, 0x00000000add00000, 0x00000000ade00000|  0%| F|  |TAMS 0x00000000add00000| PB 0x00000000add00000| Untracked 
| 734|0x00000000ade00000, 0x00000000ade00000, 0x00000000adf00000|  0%| F|  |TAMS 0x00000000ade00000| PB 0x00000000ade00000| Untracked 
| 735|0x00000000adf00000, 0x00000000adf00000, 0x00000000ae000000|  0%| F|  |TAMS 0x00000000adf00000| PB 0x00000000adf00000| Untracked 
| 736|0x00000000ae000000, 0x00000000ae000000, 0x00000000ae100000|  0%| F|  |TAMS 0x00000000ae000000| PB 0x00000000ae000000| Untracked 
| 737|0x00000000ae100000, 0x00000000ae100000, 0x00000000ae200000|  0%| F|  |TAMS 0x00000000ae100000| PB 0x00000000ae100000| Untracked 
| 738|0x00000000ae200000, 0x00000000ae200000, 0x00000000ae300000|  0%| F|  |TAMS 0x00000000ae200000| PB 0x00000000ae200000| Untracked 
| 739|0x00000000ae300000, 0x00000000ae300000, 0x00000000ae400000|  0%| F|  |TAMS 0x00000000ae300000| PB 0x00000000ae300000| Untracked 
| 740|0x00000000ae400000, 0x00000000ae400000, 0x00000000ae500000|  0%| F|  |TAMS 0x00000000ae400000| PB 0x00000000ae400000| Untracked 
| 741|0x00000000ae500000, 0x00000000ae500000, 0x00000000ae600000|  0%| F|  |TAMS 0x00000000ae500000| PB 0x00000000ae500000| Untracked 
| 742|0x00000000ae600000, 0x00000000ae600000, 0x00000000ae700000|  0%| F|  |TAMS 0x00000000ae600000| PB 0x00000000ae600000| Untracked 
| 743|0x00000000ae700000, 0x00000000ae700000, 0x00000000ae800000|  0%| F|  |TAMS 0x00000000ae700000| PB 0x00000000ae700000| Untracked 
| 744|0x00000000ae800000, 0x00000000ae800000, 0x00000000ae900000|  0%| F|  |TAMS 0x00000000ae800000| PB 0x00000000ae800000| Untracked 
| 745|0x00000000ae900000, 0x00000000ae900000, 0x00000000aea00000|  0%| F|  |TAMS 0x00000000ae900000| PB 0x00000000ae900000| Untracked 
| 746|0x00000000aea00000, 0x00000000aea00000, 0x00000000aeb00000|  0%| F|  |TAMS 0x00000000aea00000| PB 0x00000000aea00000| Untracked 
| 747|0x00000000aeb00000, 0x00000000aeb00000, 0x00000000aec00000|  0%| F|  |TAMS 0x00000000aeb00000| PB 0x00000000aeb00000| Untracked 
| 748|0x00000000aec00000, 0x00000000aec00000, 0x00000000aed00000|  0%| F|  |TAMS 0x00000000aec00000| PB 0x00000000aec00000| Untracked 
| 749|0x00000000aed00000, 0x00000000aed00000, 0x00000000aee00000|  0%| F|  |TAMS 0x00000000aed00000| PB 0x00000000aed00000| Untracked 
| 750|0x00000000aee00000, 0x00000000aee00000, 0x00000000aef00000|  0%| F|  |TAMS 0x00000000aee00000| PB 0x00000000aee00000| Untracked 
| 751|0x00000000aef00000, 0x00000000aef00000, 0x00000000af000000|  0%| F|  |TAMS 0x00000000aef00000| PB 0x00000000aef00000| Untracked 
| 752|0x00000000af000000, 0x00000000af000000, 0x00000000af100000|  0%| F|  |TAMS 0x00000000af000000| PB 0x00000000af000000| Untracked 
| 753|0x00000000af100000, 0x00000000af100000, 0x00000000af200000|  0%| F|  |TAMS 0x00000000af100000| PB 0x00000000af100000| Untracked 
| 754|0x00000000af200000, 0x00000000af200000, 0x00000000af300000|  0%| F|  |TAMS 0x00000000af200000| PB 0x00000000af200000| Untracked 
| 755|0x00000000af300000, 0x00000000af300000, 0x00000000af400000|  0%| F|  |TAMS 0x00000000af300000| PB 0x00000000af300000| Untracked 
| 756|0x00000000af400000, 0x00000000af400000, 0x00000000af500000|  0%| F|  |TAMS 0x00000000af400000| PB 0x00000000af400000| Untracked 
| 757|0x00000000af500000, 0x00000000af500000, 0x00000000af600000|  0%| F|  |TAMS 0x00000000af500000| PB 0x00000000af500000| Untracked 
| 758|0x00000000af600000, 0x00000000af600000, 0x00000000af700000|  0%| F|  |TAMS 0x00000000af600000| PB 0x00000000af600000| Untracked 
| 759|0x00000000af700000, 0x00000000af700000, 0x00000000af800000|  0%| F|  |TAMS 0x00000000af700000| PB 0x00000000af700000| Untracked 
| 760|0x00000000af800000, 0x00000000af800000, 0x00000000af900000|  0%| F|  |TAMS 0x00000000af800000| PB 0x00000000af800000| Untracked 
| 761|0x00000000af900000, 0x00000000af900000, 0x00000000afa00000|  0%| F|  |TAMS 0x00000000af900000| PB 0x00000000af900000| Untracked 
| 762|0x00000000afa00000, 0x00000000afa00000, 0x00000000afb00000|  0%| F|  |TAMS 0x00000000afa00000| PB 0x00000000afa00000| Untracked 
| 763|0x00000000afb00000, 0x00000000afb00000, 0x00000000afc00000|  0%| F|  |TAMS 0x00000000afb00000| PB 0x00000000afb00000| Untracked 
| 764|0x00000000afc00000, 0x00000000afc00000, 0x00000000afd00000|  0%| F|  |TAMS 0x00000000afc00000| PB 0x00000000afc00000| Untracked 
| 765|0x00000000afd00000, 0x00000000afd00000, 0x00000000afe00000|  0%| F|  |TAMS 0x00000000afd00000| PB 0x00000000afd00000| Untracked 
| 766|0x00000000afe00000, 0x00000000afe00000, 0x00000000aff00000|  0%| F|  |TAMS 0x00000000afe00000| PB 0x00000000afe00000| Untracked 
| 767|0x00000000aff00000, 0x00000000aff00000, 0x00000000b0000000|  0%| F|  |TAMS 0x00000000aff00000| PB 0x00000000aff00000| Untracked 
| 768|0x00000000b0000000, 0x00000000b0000000, 0x00000000b0100000|  0%| F|  |TAMS 0x00000000b0000000| PB 0x00000000b0000000| Untracked 
| 769|0x00000000b0100000, 0x00000000b0100000, 0x00000000b0200000|  0%| F|  |TAMS 0x00000000b0100000| PB 0x00000000b0100000| Untracked 
| 770|0x00000000b0200000, 0x00000000b0200000, 0x00000000b0300000|  0%| F|  |TAMS 0x00000000b0200000| PB 0x00000000b0200000| Untracked 
| 771|0x00000000b0300000, 0x00000000b0300000, 0x00000000b0400000|  0%| F|  |TAMS 0x00000000b0300000| PB 0x00000000b0300000| Untracked 
| 772|0x00000000b0400000, 0x00000000b0400000, 0x00000000b0500000|  0%| F|  |TAMS 0x00000000b0400000| PB 0x00000000b0400000| Untracked 
| 773|0x00000000b0500000, 0x00000000b0500000, 0x00000000b0600000|  0%| F|  |TAMS 0x00000000b0500000| PB 0x00000000b0500000| Untracked 
| 774|0x00000000b0600000, 0x00000000b0600000, 0x00000000b0700000|  0%| F|  |TAMS 0x00000000b0600000| PB 0x00000000b0600000| Untracked 
| 775|0x00000000b0700000, 0x00000000b0700000, 0x00000000b0800000|  0%| F|  |TAMS 0x00000000b0700000| PB 0x00000000b0700000| Untracked 
| 776|0x00000000b0800000, 0x00000000b0800000, 0x00000000b0900000|  0%| F|  |TAMS 0x00000000b0800000| PB 0x00000000b0800000| Untracked 
| 777|0x00000000b0900000, 0x00000000b0900000, 0x00000000b0a00000|  0%| F|  |TAMS 0x00000000b0900000| PB 0x00000000b0900000| Untracked 
| 778|0x00000000b0a00000, 0x00000000b0a00000, 0x00000000b0b00000|  0%| F|  |TAMS 0x00000000b0a00000| PB 0x00000000b0a00000| Untracked 
| 779|0x00000000b0b00000, 0x00000000b0b00000, 0x00000000b0c00000|  0%| F|  |TAMS 0x00000000b0b00000| PB 0x00000000b0b00000| Untracked 
| 780|0x00000000b0c00000, 0x00000000b0c00000, 0x00000000b0d00000|  0%| F|  |TAMS 0x00000000b0c00000| PB 0x00000000b0c00000| Untracked 
| 781|0x00000000b0d00000, 0x00000000b0d00000, 0x00000000b0e00000|  0%| F|  |TAMS 0x00000000b0d00000| PB 0x00000000b0d00000| Untracked 
| 782|0x00000000b0e00000, 0x00000000b0e00000, 0x00000000b0f00000|  0%| F|  |TAMS 0x00000000b0e00000| PB 0x00000000b0e00000| Untracked 
| 783|0x00000000b0f00000, 0x00000000b0f00000, 0x00000000b1000000|  0%| F|  |TAMS 0x00000000b0f00000| PB 0x00000000b0f00000| Untracked 
| 784|0x00000000b1000000, 0x00000000b1000000, 0x00000000b1100000|  0%| F|  |TAMS 0x00000000b1000000| PB 0x00000000b1000000| Untracked 
| 785|0x00000000b1100000, 0x00000000b1100000, 0x00000000b1200000|  0%| F|  |TAMS 0x00000000b1100000| PB 0x00000000b1100000| Untracked 
| 786|0x00000000b1200000, 0x00000000b1200000, 0x00000000b1300000|  0%| F|  |TAMS 0x00000000b1200000| PB 0x00000000b1200000| Untracked 
| 787|0x00000000b1300000, 0x00000000b1300000, 0x00000000b1400000|  0%| F|  |TAMS 0x00000000b1300000| PB 0x00000000b1300000| Untracked 
| 788|0x00000000b1400000, 0x00000000b1400000, 0x00000000b1500000|  0%| F|  |TAMS 0x00000000b1400000| PB 0x00000000b1400000| Untracked 
| 789|0x00000000b1500000, 0x00000000b1500000, 0x00000000b1600000|  0%| F|  |TAMS 0x00000000b1500000| PB 0x00000000b1500000| Untracked 
| 790|0x00000000b1600000, 0x00000000b1600000, 0x00000000b1700000|  0%| F|  |TAMS 0x00000000b1600000| PB 0x00000000b1600000| Untracked 
| 791|0x00000000b1700000, 0x00000000b1700000, 0x00000000b1800000|  0%| F|  |TAMS 0x00000000b1700000| PB 0x00000000b1700000| Untracked 
| 792|0x00000000b1800000, 0x00000000b1800000, 0x00000000b1900000|  0%| F|  |TAMS 0x00000000b1800000| PB 0x00000000b1800000| Untracked 
| 793|0x00000000b1900000, 0x00000000b1900000, 0x00000000b1a00000|  0%| F|  |TAMS 0x00000000b1900000| PB 0x00000000b1900000| Untracked 
| 794|0x00000000b1a00000, 0x00000000b1a00000, 0x00000000b1b00000|  0%| F|  |TAMS 0x00000000b1a00000| PB 0x00000000b1a00000| Untracked 
| 795|0x00000000b1b00000, 0x00000000b1b00000, 0x00000000b1c00000|  0%| F|  |TAMS 0x00000000b1b00000| PB 0x00000000b1b00000| Untracked 
| 796|0x00000000b1c00000, 0x00000000b1c00000, 0x00000000b1d00000|  0%| F|  |TAMS 0x00000000b1c00000| PB 0x00000000b1c00000| Untracked 
| 797|0x00000000b1d00000, 0x00000000b1d00000, 0x00000000b1e00000|  0%| F|  |TAMS 0x00000000b1d00000| PB 0x00000000b1d00000| Untracked 
| 798|0x00000000b1e00000, 0x00000000b1e00000, 0x00000000b1f00000|  0%| F|  |TAMS 0x00000000b1e00000| PB 0x00000000b1e00000| Untracked 
| 799|0x00000000b1f00000, 0x00000000b1f00000, 0x00000000b2000000|  0%| F|  |TAMS 0x00000000b1f00000| PB 0x00000000b1f00000| Untracked 
| 800|0x00000000b2000000, 0x00000000b2000000, 0x00000000b2100000|  0%| F|  |TAMS 0x00000000b2000000| PB 0x00000000b2000000| Untracked 
| 801|0x00000000b2100000, 0x00000000b2100000, 0x00000000b2200000|  0%| F|  |TAMS 0x00000000b2100000| PB 0x00000000b2100000| Untracked 
| 802|0x00000000b2200000, 0x00000000b2200000, 0x00000000b2300000|  0%| F|  |TAMS 0x00000000b2200000| PB 0x00000000b2200000| Untracked 
| 803|0x00000000b2300000, 0x00000000b2300000, 0x00000000b2400000|  0%| F|  |TAMS 0x00000000b2300000| PB 0x00000000b2300000| Untracked 
| 804|0x00000000b2400000, 0x00000000b2400000, 0x00000000b2500000|  0%| F|  |TAMS 0x00000000b2400000| PB 0x00000000b2400000| Untracked 
| 805|0x00000000b2500000, 0x00000000b2500000, 0x00000000b2600000|  0%| F|  |TAMS 0x00000000b2500000| PB 0x00000000b2500000| Untracked 
| 806|0x00000000b2600000, 0x00000000b2600000, 0x00000000b2700000|  0%| F|  |TAMS 0x00000000b2600000| PB 0x00000000b2600000| Untracked 
| 807|0x00000000b2700000, 0x00000000b2700000, 0x00000000b2800000|  0%| F|  |TAMS 0x00000000b2700000| PB 0x00000000b2700000| Untracked 
| 808|0x00000000b2800000, 0x00000000b2800000, 0x00000000b2900000|  0%| F|  |TAMS 0x00000000b2800000| PB 0x00000000b2800000| Untracked 
| 809|0x00000000b2900000, 0x00000000b2900000, 0x00000000b2a00000|  0%| F|  |TAMS 0x00000000b2900000| PB 0x00000000b2900000| Untracked 
| 810|0x00000000b2a00000, 0x00000000b2a00000, 0x00000000b2b00000|  0%| F|  |TAMS 0x00000000b2a00000| PB 0x00000000b2a00000| Untracked 
| 811|0x00000000b2b00000, 0x00000000b2b00000, 0x00000000b2c00000|  0%| F|  |TAMS 0x00000000b2b00000| PB 0x00000000b2b00000| Untracked 
| 812|0x00000000b2c00000, 0x00000000b2c00000, 0x00000000b2d00000|  0%| F|  |TAMS 0x00000000b2c00000| PB 0x00000000b2c00000| Untracked 
| 813|0x00000000b2d00000, 0x00000000b2d00000, 0x00000000b2e00000|  0%| F|  |TAMS 0x00000000b2d00000| PB 0x00000000b2d00000| Untracked 
| 814|0x00000000b2e00000, 0x00000000b2e00000, 0x00000000b2f00000|  0%| F|  |TAMS 0x00000000b2e00000| PB 0x00000000b2e00000| Untracked 
| 815|0x00000000b2f00000, 0x00000000b2f00000, 0x00000000b3000000|  0%| F|  |TAMS 0x00000000b2f00000| PB 0x00000000b2f00000| Untracked 
| 816|0x00000000b3000000, 0x00000000b3000000, 0x00000000b3100000|  0%| F|  |TAMS 0x00000000b3000000| PB 0x00000000b3000000| Untracked 
| 817|0x00000000b3100000, 0x00000000b3100000, 0x00000000b3200000|  0%| F|  |TAMS 0x00000000b3100000| PB 0x00000000b3100000| Untracked 
| 818|0x00000000b3200000, 0x00000000b3200000, 0x00000000b3300000|  0%| F|  |TAMS 0x00000000b3200000| PB 0x00000000b3200000| Untracked 
| 819|0x00000000b3300000, 0x00000000b3300000, 0x00000000b3400000|  0%| F|  |TAMS 0x00000000b3300000| PB 0x00000000b3300000| Untracked 
| 820|0x00000000b3400000, 0x00000000b3400000, 0x00000000b3500000|  0%| F|  |TAMS 0x00000000b3400000| PB 0x00000000b3400000| Untracked 
| 821|0x00000000b3500000, 0x00000000b3500000, 0x00000000b3600000|  0%| F|  |TAMS 0x00000000b3500000| PB 0x00000000b3500000| Untracked 
| 822|0x00000000b3600000, 0x00000000b3600000, 0x00000000b3700000|  0%| F|  |TAMS 0x00000000b3600000| PB 0x00000000b3600000| Untracked 
| 823|0x00000000b3700000, 0x00000000b3700000, 0x00000000b3800000|  0%| F|  |TAMS 0x00000000b3700000| PB 0x00000000b3700000| Untracked 
| 824|0x00000000b3800000, 0x00000000b3800000, 0x00000000b3900000|  0%| F|  |TAMS 0x00000000b3800000| PB 0x00000000b3800000| Untracked 
| 825|0x00000000b3900000, 0x00000000b3900000, 0x00000000b3a00000|  0%| F|  |TAMS 0x00000000b3900000| PB 0x00000000b3900000| Untracked 
| 826|0x00000000b3a00000, 0x00000000b3a00000, 0x00000000b3b00000|  0%| F|  |TAMS 0x00000000b3a00000| PB 0x00000000b3a00000| Untracked 
| 827|0x00000000b3b00000, 0x00000000b3b00000, 0x00000000b3c00000|  0%| F|  |TAMS 0x00000000b3b00000| PB 0x00000000b3b00000| Untracked 
| 828|0x00000000b3c00000, 0x00000000b3c00000, 0x00000000b3d00000|  0%| F|  |TAMS 0x00000000b3c00000| PB 0x00000000b3c00000| Untracked 
| 829|0x00000000b3d00000, 0x00000000b3d00000, 0x00000000b3e00000|  0%| F|  |TAMS 0x00000000b3d00000| PB 0x00000000b3d00000| Untracked 
| 830|0x00000000b3e00000, 0x00000000b3e00000, 0x00000000b3f00000|  0%| F|  |TAMS 0x00000000b3e00000| PB 0x00000000b3e00000| Untracked 
| 831|0x00000000b3f00000, 0x00000000b3f00000, 0x00000000b4000000|  0%| F|  |TAMS 0x00000000b3f00000| PB 0x00000000b3f00000| Untracked 
| 832|0x00000000b4000000, 0x00000000b4000000, 0x00000000b4100000|  0%| F|  |TAMS 0x00000000b4000000| PB 0x00000000b4000000| Untracked 
| 833|0x00000000b4100000, 0x00000000b4100000, 0x00000000b4200000|  0%| F|  |TAMS 0x00000000b4100000| PB 0x00000000b4100000| Untracked 
| 834|0x00000000b4200000, 0x00000000b4200000, 0x00000000b4300000|  0%| F|  |TAMS 0x00000000b4200000| PB 0x00000000b4200000| Untracked 
| 835|0x00000000b4300000, 0x00000000b4300000, 0x00000000b4400000|  0%| F|  |TAMS 0x00000000b4300000| PB 0x00000000b4300000| Untracked 
| 836|0x00000000b4400000, 0x00000000b4400000, 0x00000000b4500000|  0%| F|  |TAMS 0x00000000b4400000| PB 0x00000000b4400000| Untracked 
| 837|0x00000000b4500000, 0x00000000b4500000, 0x00000000b4600000|  0%| F|  |TAMS 0x00000000b4500000| PB 0x00000000b4500000| Untracked 
| 838|0x00000000b4600000, 0x00000000b4600000, 0x00000000b4700000|  0%| F|  |TAMS 0x00000000b4600000| PB 0x00000000b4600000| Untracked 
| 839|0x00000000b4700000, 0x00000000b4700000, 0x00000000b4800000|  0%| F|  |TAMS 0x00000000b4700000| PB 0x00000000b4700000| Untracked 
| 840|0x00000000b4800000, 0x00000000b4800000, 0x00000000b4900000|  0%| F|  |TAMS 0x00000000b4800000| PB 0x00000000b4800000| Untracked 
| 841|0x00000000b4900000, 0x00000000b4900000, 0x00000000b4a00000|  0%| F|  |TAMS 0x00000000b4900000| PB 0x00000000b4900000| Untracked 
| 842|0x00000000b4a00000, 0x00000000b4a00000, 0x00000000b4b00000|  0%| F|  |TAMS 0x00000000b4a00000| PB 0x00000000b4a00000| Untracked 
| 843|0x00000000b4b00000, 0x00000000b4c00000, 0x00000000b4c00000|100%| S|CS|TAMS 0x00000000b4b00000| PB 0x00000000b4b00000| Complete 
| 844|0x00000000b4c00000, 0x00000000b4d00000, 0x00000000b4d00000|100%| S|CS|TAMS 0x00000000b4c00000| PB 0x00000000b4c00000| Complete 
| 845|0x00000000b4d00000, 0x00000000b4e00000, 0x00000000b4e00000|100%| S|CS|TAMS 0x00000000b4d00000| PB 0x00000000b4d00000| Complete 
| 846|0x00000000b4e00000, 0x00000000b4f00000, 0x00000000b4f00000|100%| S|CS|TAMS 0x00000000b4e00000| PB 0x00000000b4e00000| Complete 
| 847|0x00000000b4f00000, 0x00000000b5000000, 0x00000000b5000000|100%| S|CS|TAMS 0x00000000b4f00000| PB 0x00000000b4f00000| Complete 
| 848|0x00000000b5000000, 0x00000000b5100000, 0x00000000b5100000|100%| S|CS|TAMS 0x00000000b5000000| PB 0x00000000b5000000| Complete 
| 849|0x00000000b5100000, 0x00000000b5100000, 0x00000000b5200000|  0%| F|  |TAMS 0x00000000b5100000| PB 0x00000000b5100000| Untracked 
| 850|0x00000000b5200000, 0x00000000b5200000, 0x00000000b5300000|  0%| F|  |TAMS 0x00000000b5200000| PB 0x00000000b5200000| Untracked 
| 851|0x00000000b5300000, 0x00000000b5300000, 0x00000000b5400000|  0%| F|  |TAMS 0x00000000b5300000| PB 0x00000000b5300000| Untracked 
| 852|0x00000000b5400000, 0x00000000b5400000, 0x00000000b5500000|  0%| F|  |TAMS 0x00000000b5400000| PB 0x00000000b5400000| Untracked 
| 853|0x00000000b5500000, 0x00000000b5500000, 0x00000000b5600000|  0%| F|  |TAMS 0x00000000b5500000| PB 0x00000000b5500000| Untracked 
| 854|0x00000000b5600000, 0x00000000b5600000, 0x00000000b5700000|  0%| F|  |TAMS 0x00000000b5600000| PB 0x00000000b5600000| Untracked 
| 855|0x00000000b5700000, 0x00000000b5700000, 0x00000000b5800000|  0%| F|  |TAMS 0x00000000b5700000| PB 0x00000000b5700000| Untracked 
| 856|0x00000000b5800000, 0x00000000b5800000, 0x00000000b5900000|  0%| F|  |TAMS 0x00000000b5800000| PB 0x00000000b5800000| Untracked 
| 857|0x00000000b5900000, 0x00000000b5900000, 0x00000000b5a00000|  0%| F|  |TAMS 0x00000000b5900000| PB 0x00000000b5900000| Untracked 
| 858|0x00000000b5a00000, 0x00000000b5a00000, 0x00000000b5b00000|  0%| F|  |TAMS 0x00000000b5a00000| PB 0x00000000b5a00000| Untracked 
| 859|0x00000000b5b00000, 0x00000000b5b00000, 0x00000000b5c00000|  0%| F|  |TAMS 0x00000000b5b00000| PB 0x00000000b5b00000| Untracked 
|1999|0x00000000fcf00000, 0x00000000fcf00000, 0x00000000fd000000|  0%| F|  |TAMS 0x00000000fcf00000| PB 0x00000000fcf00000| Untracked 
|2000|0x00000000fd000000, 0x00000000fd000000, 0x00000000fd100000|  0%| F|  |TAMS 0x00000000fd000000| PB 0x00000000fd000000| Untracked 
|2001|0x00000000fd100000, 0x00000000fd200000, 0x00000000fd200000|100%| O|  |TAMS 0x00000000fd200000| PB 0x00000000fd100000| Updating 
|2002|0x00000000fd200000, 0x00000000fd200000, 0x00000000fd300000|  0%| F|  |TAMS 0x00000000fd200000| PB 0x00000000fd200000| Untracked 
|2003|0x00000000fd300000, 0x00000000fd400000, 0x00000000fd400000|100%| O|  |TAMS 0x00000000fd400000| PB 0x00000000fd300000| Updating 
|2004|0x00000000fd400000, 0x00000000fd500000, 0x00000000fd500000|100%| O|  |TAMS 0x00000000fd500000| PB 0x00000000fd400000| Untracked 
|2005|0x00000000fd500000, 0x00000000fd600000, 0x00000000fd600000|100%| O|  |TAMS 0x00000000fd600000| PB 0x00000000fd500000| Untracked 
|2006|0x00000000fd600000, 0x00000000fd700000, 0x00000000fd700000|100%| O|  |TAMS 0x00000000fd700000| PB 0x00000000fd600000| Untracked 
|2007|0x00000000fd700000, 0x00000000fd800000, 0x00000000fd800000|100%| O|  |TAMS 0x00000000fd800000| PB 0x00000000fd700000| Updating 
|2008|0x00000000fd800000, 0x00000000fd900000, 0x00000000fd900000|100%| O|  |TAMS 0x00000000fd900000| PB 0x00000000fd800000| Updating 
|2009|0x00000000fd900000, 0x00000000fda00000, 0x00000000fda00000|100%| O|  |TAMS 0x00000000fda00000| PB 0x00000000fd900000| Untracked 
|2010|0x00000000fda00000, 0x00000000fdb00000, 0x00000000fdb00000|100%| O|  |TAMS 0x00000000fdb00000| PB 0x00000000fda00000| Untracked 
|2011|0x00000000fdb00000, 0x00000000fdc00000, 0x00000000fdc00000|100%| O|  |TAMS 0x00000000fdc00000| PB 0x00000000fdb00000| Untracked 
|2012|0x00000000fdc00000, 0x00000000fdd00000, 0x00000000fdd00000|100%| O|  |TAMS 0x00000000fdd00000| PB 0x00000000fdc00000| Untracked 
|2013|0x00000000fdd00000, 0x00000000fde00000, 0x00000000fde00000|100%| O|  |TAMS 0x00000000fde00000| PB 0x00000000fdd00000| Untracked 
|2014|0x00000000fde00000, 0x00000000fdf00000, 0x00000000fdf00000|100%| O|  |TAMS 0x00000000fdf00000| PB 0x00000000fde00000| Untracked 
|2015|0x00000000fdf00000, 0x00000000fe000000, 0x00000000fe000000|100%| O|  |TAMS 0x00000000fe000000| PB 0x00000000fdf00000| Updating 
|2016|0x00000000fe000000, 0x00000000fe000000, 0x00000000fe100000|  0%| F|  |TAMS 0x00000000fe000000| PB 0x00000000fe000000| Untracked 
|2017|0x00000000fe100000, 0x00000000fe200000, 0x00000000fe200000|100%| O|  |TAMS 0x00000000fe200000| PB 0x00000000fe100000| Updating 
|2018|0x00000000fe200000, 0x00000000fe300000, 0x00000000fe300000|100%| O|  |TAMS 0x00000000fe300000| PB 0x00000000fe200000| Updating 
|2019|0x00000000fe300000, 0x00000000fe400000, 0x00000000fe400000|100%| O|  |TAMS 0x00000000fe400000| PB 0x00000000fe300000| Untracked 
|2020|0x00000000fe400000, 0x00000000fe500000, 0x00000000fe500000|100%| O|  |TAMS 0x00000000fe500000| PB 0x00000000fe400000| Untracked 
|2021|0x00000000fe500000, 0x00000000fe600000, 0x00000000fe600000|100%| O|  |TAMS 0x00000000fe600000| PB 0x00000000fe500000| Untracked 
|2022|0x00000000fe600000, 0x00000000fe700000, 0x00000000fe700000|100%| O|  |TAMS 0x00000000fe700000| PB 0x00000000fe600000| Untracked 
|2023|0x00000000fe700000, 0x00000000fe800000, 0x00000000fe800000|100%| O|  |TAMS 0x00000000fe800000| PB 0x00000000fe700000| Untracked 
|2024|0x00000000fe800000, 0x00000000fe900000, 0x00000000fe900000|100%| O|  |TAMS 0x00000000fe900000| PB 0x00000000fe800000| Untracked 
|2025|0x00000000fe900000, 0x00000000fea00000, 0x00000000fea00000|100%| O|  |TAMS 0x00000000fea00000| PB 0x00000000fe900000| Untracked 
|2026|0x00000000fea00000, 0x00000000feb00000, 0x00000000feb00000|100%| O|  |TAMS 0x00000000feb00000| PB 0x00000000fea00000| Untracked 
|2027|0x00000000feb00000, 0x00000000fec00000, 0x00000000fec00000|100%| O|  |TAMS 0x00000000fec00000| PB 0x00000000feb00000| Updating 
|2028|0x00000000fec00000, 0x00000000fed00000, 0x00000000fed00000|100%| O|  |TAMS 0x00000000fed00000| PB 0x00000000fec00000| Untracked 
|2029|0x00000000fed00000, 0x00000000fee00000, 0x00000000fee00000|100%| O|  |TAMS 0x00000000fee00000| PB 0x00000000fed00000| Untracked 
|2030|0x00000000fee00000, 0x00000000fef00000, 0x00000000fef00000|100%| O|  |TAMS 0x00000000fef00000| PB 0x00000000fee00000| Untracked 
|2031|0x00000000fef00000, 0x00000000ff000000, 0x00000000ff000000|100%| O|  |TAMS 0x00000000ff000000| PB 0x00000000fef00000| Untracked 
|2032|0x00000000ff000000, 0x00000000ff100000, 0x00000000ff100000|100%| O|  |TAMS 0x00000000ff100000| PB 0x00000000ff000000| Untracked 
|2033|0x00000000ff100000, 0x00000000ff200000, 0x00000000ff200000|100%| O|  |TAMS 0x00000000ff200000| PB 0x00000000ff100000| Untracked 
|2034|0x00000000ff200000, 0x00000000ff300000, 0x00000000ff300000|100%| O|  |TAMS 0x00000000ff300000| PB 0x00000000ff200000| Untracked 
|2035|0x00000000ff300000, 0x00000000ff400000, 0x00000000ff400000|100%| O|  |TAMS 0x00000000ff400000| PB 0x00000000ff300000| Untracked 
|2036|0x00000000ff400000, 0x00000000ff500000, 0x00000000ff500000|100%| O|  |TAMS 0x00000000ff500000| PB 0x00000000ff400000| Untracked 
|2037|0x00000000ff500000, 0x00000000ff600000, 0x00000000ff600000|100%| O|  |TAMS 0x00000000ff600000| PB 0x00000000ff500000| Updating 
|2038|0x00000000ff600000, 0x00000000ff700000, 0x00000000ff700000|100%| O|  |TAMS 0x00000000ff700000| PB 0x00000000ff600000| Updating 
|2039|0x00000000ff700000, 0x00000000ff700000, 0x00000000ff800000|  0%| F|  |TAMS 0x00000000ff700000| PB 0x00000000ff700000| Untracked 
|2040|0x00000000ff800000, 0x00000000ff900000, 0x00000000ff900000|100%| O|  |TAMS 0x00000000ff900000| PB 0x00000000ff800000| Untracked 
|2041|0x00000000ff900000, 0x00000000ffa00000, 0x00000000ffa00000|100%| O|  |TAMS 0x00000000ffa00000| PB 0x00000000ff900000| Untracked 
|2042|0x00000000ffa00000, 0x00000000ffb00000, 0x00000000ffb00000|100%| O|  |TAMS 0x00000000ffb00000| PB 0x00000000ffa00000| Untracked 
|2043|0x00000000ffb00000, 0x00000000ffc00000, 0x00000000ffc00000|100%| O|  |TAMS 0x00000000ffc00000| PB 0x00000000ffb00000| Untracked 
|2044|0x00000000ffc00000, 0x00000000ffd00000, 0x00000000ffd00000|100%| O|  |TAMS 0x00000000ffd00000| PB 0x00000000ffc00000| Untracked 
|2045|0x00000000ffd00000, 0x00000000ffe00000, 0x00000000ffe00000|100%| O|  |TAMS 0x00000000ffe00000| PB 0x00000000ffd00000| Untracked 
|2046|0x00000000ffe00000, 0x00000000fff00000, 0x00000000fff00000|100%| O|  |TAMS 0x00000000fff00000| PB 0x00000000ffe00000| Untracked 
|2047|0x00000000fff00000, 0x0000000100000000, 0x0000000100000000|100%| O|  |TAMS 0x0000000100000000| PB 0x00000000fff00000| Untracked 

Card table byte_map: [0x000001c250d40000,0x000001c251140000] _byte_map_base: 0x000001c250940000

Marking Bits: (CMBitMap*) 0x000001c23b96e680
 Bits: [0x000001c251140000, 0x000001c253140000)

Polling page: 0x000001c23b820000

Metaspace:

Usage:
  Non-class:     85.34 MB used.
      Class:     14.20 MB used.
       Both:     99.54 MB used.

Virtual space:
  Non-class space:      128.00 MB reserved,      86.31 MB ( 67%) committed,  2 nodes.
      Class space:        1.00 GB reserved,      15.25 MB (  1%) committed,  1 nodes.
             Both:        1.12 GB reserved,     101.56 MB (  9%) committed. 

Chunk freelists:
   Non-Class:  9.20 MB
       Class:  804.00 KB
        Both:  9.99 MB

MaxMetaspaceSize: unlimited
CompressedClassSpaceSize: 1.00 GB
Initial GC threshold: 21.00 MB
Current GC threshold: 169.19 MB
CDS: off
 - commit_granule_bytes: 65536.
 - commit_granule_words: 8192.
 - virtual_space_node_default_size: 8388608.
 - enlarge_chunks_in_place: 1.
 - use_allocation_guard: 0.


Internal statistics:

num_allocs_failed_limit: 12.
num_arena_births: 4450.
num_arena_deaths: 74.
num_vsnodes_births: 3.
num_vsnodes_deaths: 0.
num_space_committed: 1624.
num_space_uncommitted: 0.
num_chunks_returned_to_freelist: 122.
num_chunks_taken_from_freelist: 9743.
num_chunk_merges: 49.
num_chunk_splits: 5788.
num_chunks_enlarged: 2930.
num_inconsistent_stats: 0.

CodeHeap 'non-profiled nmethods': size=119168Kb used=6283Kb max_used=6356Kb free=112885Kb
 bounds [0x000001c248a40000, 0x000001c249080000, 0x000001c24fea0000]
CodeHeap 'profiled nmethods': size=119104Kb used=20231Kb max_used=20965Kb free=98872Kb
 bounds [0x000001c240ea0000, 0x000001c242330000, 0x000001c2482f0000]
CodeHeap 'non-nmethods': size=7488Kb used=3653Kb max_used=3702Kb free=3834Kb
 bounds [0x000001c2482f0000, 0x000001c2486a0000, 0x000001c248a40000]
CodeCache: size=245760Kb, used=30167Kb, max_used=31023Kb, free=215591Kb
 total_blobs=11600, nmethods=10758, adapters=743, full_count=0
Compilation: enabled, stopped_count=0, restarted_count=0

Compilation events (20 events):
Event: 10.339 Thread 0x000001c25b1d1ee0 nmethod 12764 0x000001c248aa9210 code [0x000001c248aa93c0, 0x000001c248aa97b0]
Event: 10.339 Thread 0x000001c25b1d1ee0 12755       4       com.android.tools.r8.graph.t3::b (15 bytes)
Event: 10.339 Thread 0x000001c25b1d1ee0 nmethod 12755 0x000001c248bddd10 code [0x000001c248bddea0, 0x000001c248bddf50]
Event: 10.339 Thread 0x000001c25b1d1ee0 12580       4       com.android.tools.r8.graph.i3$a::a (46 bytes)
Event: 10.341 Thread 0x000001c25b1d1ee0 nmethod 12580 0x000001c248bdd810 code [0x000001c248bdd9a0, 0x000001c248bddb50]
Event: 10.341 Thread 0x000001c25b1d1ee0 12746       4       com.android.tools.r8.graph.i3$a::a (7 bytes)
Event: 10.342 Thread 0x000001c25b1d1ee0 nmethod 12746 0x000001c248ede490 code [0x000001c248ede620, 0x000001c248ede778]
Event: 10.342 Thread 0x000001c25b1d1ee0 12581       4       com.android.tools.r8.graph.na::e (40 bytes)
Event: 10.343 Thread 0x000001c25b1d1ee0 nmethod 12581 0x000001c248ede010 code [0x000001c248ede1c0, 0x000001c248ede310]
Event: 10.343 Thread 0x000001c25b1d1ee0 12584       4       com.android.tools.r8.graph.i3$a::<init> (107 bytes)
Event: 10.344 Thread 0x000001c256682420 nmethod 12990 0x000001c249028010 code [0x000001c2490282a0, 0x000001c2490292d8]
Event: 10.344 Thread 0x000001c256682420 12735       4       com.android.tools.r8.graph.i3::M0 (9 bytes)
Event: 10.345 Thread 0x000001c256682420 nmethod 12735 0x000001c249027c10 code [0x000001c249027dc0, 0x000001c249027ef0]
Event: 10.345 Thread 0x000001c256682420 12592       4       com.android.tools.r8.dex.z::a (73 bytes)
Event: 10.349 Thread 0x000001c256682420 nmethod 12592 0x000001c248fb6890 code [0x000001c248fb6a80, 0x000001c248fb6e98]
Event: 10.349 Thread 0x000001c256682420 12593       4       com.android.tools.r8.graph.i2::l0 (86 bytes)
Event: 10.349 Thread 0x000001c25b1d1ee0 nmethod 12584 0x000001c248d68b90 code [0x000001c248d68d80, 0x000001c248d697e0]
Event: 10.349 Thread 0x000001c25b1d1ee0 12594       4       com.android.tools.r8.graph.i2::<init> (21 bytes)
Event: 10.362 Thread 0x000001c256682420 nmethod 12593 0x000001c248f78190 code [0x000001c248f78380, 0x000001c248f78c78]
Event: 10.362 Thread 0x000001c256682420 12595       4       com.android.tools.r8.graph.i2::<init> (158 bytes)

GC Heap History (20 events):
Event: 7.705 GC heap after
{Heap after GC invocations=31 (full 0):
 garbage-first heap   total 300032K, used 176347K [0x0000000080000000, 0x0000000100000000)
  region size 1024K, 11 young (11264K), 11 survivors (11264K)
 Metaspace       used 95540K, committed 97536K, reserved 1179648K
  class space    used 13450K, committed 14464K, reserved 1048576K
}
Event: 7.770 GC heap before
{Heap before GC invocations=31 (full 0):
 garbage-first heap   total 309248K, used 307419K [0x0000000080000000, 0x0000000100000000)
  region size 1024K, 31 young (31744K), 11 survivors (11264K)
 Metaspace       used 96143K, committed 98176K, reserved 1179648K
  class space    used 13513K, committed 14528K, reserved 1048576K
}
Event: 7.781 GC heap after
{Heap after GC invocations=32 (full 0):
 garbage-first heap   total 329728K, used 231553K [0x0000000080000000, 0x0000000100000000)
  region size 1024K, 8 young (8192K), 8 survivors (8192K)
 Metaspace       used 96143K, committed 98176K, reserved 1179648K
  class space    used 13513K, committed 14528K, reserved 1048576K
}
Event: 7.782 GC heap before
{Heap before GC invocations=32 (full 0):
 garbage-first heap   total 329728K, used 231553K [0x0000000080000000, 0x0000000100000000)
  region size 1024K, 9 young (9216K), 8 survivors (8192K)
 Metaspace       used 96151K, committed 98176K, reserved 1179648K
  class space    used 13513K, committed 14528K, reserved 1048576K
}
Event: 7.786 GC heap after
{Heap after GC invocations=33 (full 0):
 garbage-first heap   total 329728K, used 231570K [0x0000000080000000, 0x0000000100000000)
  region size 1024K, 1 young (1024K), 1 survivors (1024K)
 Metaspace       used 96151K, committed 98176K, reserved 1179648K
  class space    used 13513K, committed 14528K, reserved 1048576K
}
Event: 8.124 GC heap before
{Heap before GC invocations=34 (full 0):
 garbage-first heap   total 432128K, used 330898K [0x0000000080000000, 0x0000000100000000)
  region size 1024K, 73 young (74752K), 1 survivors (1024K)
 Metaspace       used 97579K, committed 99584K, reserved 1179648K
  class space    used 13731K, committed 14720K, reserved 1048576K
}
Event: 8.141 GC heap after
{Heap after GC invocations=35 (full 0):
 garbage-first heap   total 432128K, used 262519K [0x0000000080000000, 0x0000000100000000)
  region size 1024K, 10 young (10240K), 10 survivors (10240K)
 Metaspace       used 97579K, committed 99584K, reserved 1179648K
  class space    used 13731K, committed 14720K, reserved 1048576K
}
Event: 8.583 GC heap before
{Heap before GC invocations=35 (full 0):
 garbage-first heap   total 432128K, used 392567K [0x0000000080000000, 0x0000000100000000)
  region size 1024K, 121 young (123904K), 10 survivors (10240K)
 Metaspace       used 97694K, committed 99776K, reserved 1179648K
  class space    used 13751K, committed 14784K, reserved 1048576K
}
Event: 8.625 GC heap after
{Heap after GC invocations=36 (full 0):
 garbage-first heap   total 448512K, used 314013K [0x0000000080000000, 0x0000000100000000)
  region size 1024K, 16 young (16384K), 16 survivors (16384K)
 Metaspace       used 97694K, committed 99776K, reserved 1179648K
  class space    used 13751K, committed 14784K, reserved 1048576K
}
Event: 8.960 GC heap before
{Heap before GC invocations=36 (full 0):
 garbage-first heap   total 448512K, used 393885K [0x0000000080000000, 0x0000000100000000)
  region size 1024K, 95 young (97280K), 16 survivors (16384K)
 Metaspace       used 101073K, committed 103168K, reserved 1179648K
  class space    used 14442K, committed 15488K, reserved 1048576K
}
Event: 9.000 GC heap after
{Heap after GC invocations=37 (full 0):
 garbage-first heap   total 642048K, used 345943K [0x0000000080000000, 0x0000000100000000)
  region size 1024K, 12 young (12288K), 12 survivors (12288K)
 Metaspace       used 101073K, committed 103168K, reserved 1179648K
  class space    used 14442K, committed 15488K, reserved 1048576K
}
Event: 9.286 GC heap before
{Heap before GC invocations=38 (full 0):
 garbage-first heap   total 642048K, used 495447K [0x0000000080000000, 0x0000000100000000)
  region size 1024K, 162 young (165888K), 12 survivors (12288K)
 Metaspace       used 101131K, committed 103232K, reserved 1179648K
  class space    used 14444K, committed 15488K, reserved 1048576K
}
Event: 9.355 GC heap after
{Heap after GC invocations=39 (full 0):
 garbage-first heap   total 642048K, used 422912K [0x0000000080000000, 0x0000000100000000)
  region size 1024K, 21 young (21504K), 21 survivors (21504K)
 Metaspace       used 101131K, committed 103232K, reserved 1179648K
  class space    used 14444K, committed 15488K, reserved 1048576K
}
Event: 9.567 GC heap before
{Heap before GC invocations=39 (full 0):
 garbage-first heap   total 642048K, used 532480K [0x0000000080000000, 0x0000000100000000)
  region size 1024K, 129 young (132096K), 21 survivors (21504K)
 Metaspace       used 101133K, committed 103232K, reserved 1179648K
  class space    used 14444K, committed 15488K, reserved 1048576K
}
Event: 9.632 GC heap after
{Heap after GC invocations=40 (full 0):
 garbage-first heap   total 642048K, used 480768K [0x0000000080000000, 0x0000000100000000)
  region size 1024K, 17 young (17408K), 17 survivors (17408K)
 Metaspace       used 101133K, committed 103232K, reserved 1179648K
  class space    used 14444K, committed 15488K, reserved 1048576K
}
Event: 9.857 GC heap before
{Heap before GC invocations=40 (full 0):
 garbage-first heap   total 642048K, used 556544K [0x0000000080000000, 0x0000000100000000)
  region size 1024K, 92 young (94208K), 17 survivors (17408K)
 Metaspace       used 101425K, committed 103488K, reserved 1179648K
  class space    used 14486K, committed 15552K, reserved 1048576K
}
Event: 9.892 GC heap after
{Heap after GC invocations=41 (full 0):
 garbage-first heap   total 642048K, used 524800K [0x0000000080000000, 0x0000000100000000)
  region size 1024K, 12 young (12288K), 12 survivors (12288K)
 Metaspace       used 101425K, committed 103488K, reserved 1179648K
  class space    used 14486K, committed 15552K, reserved 1048576K
}
Event: 10.033 GC heap before
{Heap before GC invocations=41 (full 0):
 garbage-first heap   total 642048K, used 578048K [0x0000000080000000, 0x0000000100000000)
  region size 1024K, 64 young (65536K), 12 survivors (12288K)
 Metaspace       used 101789K, committed 103872K, reserved 1179648K
  class space    used 14526K, committed 15616K, reserved 1048576K
}
Event: 10.056 GC heap after
{Heap after GC invocations=42 (full 0):
 garbage-first heap   total 642048K, used 555520K [0x0000000080000000, 0x0000000100000000)
  region size 1024K, 8 young (8192K), 8 survivors (8192K)
 Metaspace       used 101789K, committed 103872K, reserved 1179648K
  class space    used 14526K, committed 15616K, reserved 1048576K
}
Event: 10.364 GC heap before
{Heap before GC invocations=42 (full 0):
 garbage-first heap   total 930816K, used 595456K [0x0000000080000000, 0x0000000100000000)
  region size 1024K, 45 young (46080K), 8 survivors (8192K)
 Metaspace       used 101931K, committed 104000K, reserved 1179648K
  class space    used 14541K, committed 15616K, reserved 1048576K
}

Dll operation events (3 events):
Event: 0.010 Loaded shared library C:\Program Files\Android\Android Studio\jbr\bin\java.dll
Event: 0.015 Loaded shared library C:\Program Files\Android\Android Studio\jbr\bin\zip.dll
Event: 0.449 Loaded shared library C:\Program Files\Android\Android Studio\jbr\bin\verify.dll

Deoptimization events (20 events):
Event: 9.719 Thread 0x000001c2616b8400 DEOPT PACKING pc=0x000001c2422429ec sp=0x0000003e344feab0
Event: 9.719 Thread 0x000001c2616b8400 DEOPT UNPACKING pc=0x000001c248344b42 sp=0x0000003e344fe068 mode 0
Event: 9.766 Thread 0x000001c2619fdc20 Uncommon trap: trap_request=0xffffff45 fr.pc=0x000001c248f262fc relative=0x000000000000299c
Event: 9.766 Thread 0x000001c2619fdc20 Uncommon trap: reason=unstable_if action=reinterpret pc=0x000001c248f262fc method=sun.nio.cs.StreamDecoder.implRead([CII)I @ 105 c2
Event: 9.766 Thread 0x000001c2619fdc20 DEOPT PACKING pc=0x000001c248f262fc sp=0x0000003e354ff0d0
Event: 9.766 Thread 0x000001c2619fdc20 DEOPT UNPACKING pc=0x000001c2483443a2 sp=0x0000003e354fee10 mode 2
Event: 9.849 Thread 0x000001c262180790 Uncommon trap: trap_request=0xffffff45 fr.pc=0x000001c248df021c relative=0x0000000000000f1c
Event: 9.849 Thread 0x000001c262180790 Uncommon trap: reason=unstable_if action=reinterpret pc=0x000001c248df021c method=sun.nio.ch.IOUtil.readIntoNativeBuffer(Ljava/io/FileDescriptor;Ljava/nio/ByteBuffer;JZZILsun/nio/ch/NativeDispatcher;)I @ 92 c2
Event: 9.849 Thread 0x000001c262180790 DEOPT PACKING pc=0x000001c248df021c sp=0x0000003e338fd120
Event: 9.849 Thread 0x000001c262180790 DEOPT UNPACKING pc=0x000001c2483443a2 sp=0x0000003e338fcfb0 mode 2
Event: 9.920 Thread 0x000001c262180790 Uncommon trap: trap_request=0xffffff45 fr.pc=0x000001c248b86164 relative=0x0000000000000264
Event: 9.920 Thread 0x000001c262180790 Uncommon trap: reason=unstable_if action=reinterpret pc=0x000001c248b86164 method=sun.nio.ch.IOUtil.readIntoNativeBuffer(Ljava/io/FileDescriptor;Ljava/nio/ByteBuffer;JZZILsun/nio/ch/NativeDispatcher;)I @ 92 c2
Event: 9.920 Thread 0x000001c262180790 DEOPT PACKING pc=0x000001c248b86164 sp=0x0000003e338fcfc0
Event: 9.920 Thread 0x000001c262180790 DEOPT UNPACKING pc=0x000001c2483443a2 sp=0x0000003e338fcf18 mode 2
Event: 9.968 Thread 0x000001c262180790 Uncommon trap: trap_request=0xffffff45 fr.pc=0x000001c248aea0e8 relative=0x0000000000000328
Event: 9.968 Thread 0x000001c262180790 Uncommon trap: reason=unstable_if action=reinterpret pc=0x000001c248aea0e8 method=java.net.URI$Parser.scan(IILjava/lang/String;)I @ 26 c2
Event: 9.969 Thread 0x000001c262180790 DEOPT PACKING pc=0x000001c248aea0e8 sp=0x0000003e338fd420
Event: 9.969 Thread 0x000001c262180790 DEOPT UNPACKING pc=0x000001c2483443a2 sp=0x0000003e338fd3b0 mode 2
Event: 10.062 Thread 0x000001c262180790 DEOPT PACKING pc=0x000001c2415f18f8 sp=0x0000003e338fd3c0
Event: 10.062 Thread 0x000001c262180790 DEOPT UNPACKING pc=0x000001c248344b42 sp=0x0000003e338fc8a8 mode 0

Classes loaded (20 events):
Event: 8.861 Loading class java/nio/ShortBuffer
Event: 8.862 Loading class java/nio/ShortBuffer done
Event: 8.862 Loading class java/nio/HeapShortBuffer
Event: 8.863 Loading class java/nio/HeapShortBuffer done
Event: 8.875 Loading class java/util/AbstractList$RandomAccessSubList
Event: 8.876 Loading class java/util/AbstractList$SubList
Event: 8.876 Loading class java/util/AbstractList$SubList done
Event: 8.876 Loading class java/util/AbstractList$RandomAccessSubList done
Event: 8.876 Loading class java/util/AbstractList$SubList$1
Event: 8.877 Loading class java/util/AbstractList$SubList$1 done
Event: 9.815 Loading class java/nio/file/FileChannelLinesSpliterator
Event: 9.818 Loading class java/nio/file/FileChannelLinesSpliterator done
Event: 9.821 Loading class java/util/stream/Streams$1
Event: 9.822 Loading class java/util/stream/Streams$1 done
Event: 9.839 Loading class java/nio/file/FileChannelLinesSpliterator$1
Event: 9.840 Loading class java/nio/file/FileChannelLinesSpliterator$1 done
Event: 9.840 Loading class java/io/FileReader
Event: 9.840 Loading class java/io/FileReader done
Event: 9.965 Loading class sun/nio/fs/WindowsUriSupport
Event: 9.968 Loading class sun/nio/fs/WindowsUriSupport done

Classes unloaded (20 events):
Event: 6.244 Thread 0x000001c25634e730 Unloading class 0x0000000100a79400 'java/lang/invoke/LambdaForm$DMH+0x0000000100a79400'
Event: 6.244 Thread 0x000001c25634e730 Unloading class 0x0000000100a79000 'java/lang/invoke/LambdaForm$DMH+0x0000000100a79000'
Event: 6.244 Thread 0x000001c25634e730 Unloading class 0x0000000100a78c00 'java/lang/invoke/LambdaForm$DMH+0x0000000100a78c00'
Event: 6.244 Thread 0x000001c25634e730 Unloading class 0x0000000100a78800 'java/lang/invoke/LambdaForm$DMH+0x0000000100a78800'
Event: 6.244 Thread 0x000001c25634e730 Unloading class 0x0000000100a78400 'java/lang/invoke/LambdaForm$DMH+0x0000000100a78400'
Event: 6.244 Thread 0x000001c25634e730 Unloading class 0x0000000100a73c00 'java/lang/invoke/LambdaForm$DMH+0x0000000100a73c00'
Event: 6.244 Thread 0x000001c25634e730 Unloading class 0x0000000100a73800 'java/lang/invoke/LambdaForm$DMH+0x0000000100a73800'
Event: 6.244 Thread 0x000001c25634e730 Unloading class 0x0000000100a73400 'java/lang/invoke/LambdaForm$DMH+0x0000000100a73400'
Event: 6.244 Thread 0x000001c25634e730 Unloading class 0x0000000100a73000 'java/lang/invoke/LambdaForm$DMH+0x0000000100a73000'
Event: 6.244 Thread 0x000001c25634e730 Unloading class 0x0000000100a72c00 'java/lang/invoke/LambdaForm$DMH+0x0000000100a72c00'
Event: 6.244 Thread 0x000001c25634e730 Unloading class 0x0000000100a72800 'java/lang/invoke/LambdaForm$DMH+0x0000000100a72800'
Event: 6.244 Thread 0x000001c25634e730 Unloading class 0x0000000100a72000 'java/lang/invoke/LambdaForm$DMH+0x0000000100a72000'
Event: 6.244 Thread 0x000001c25634e730 Unloading class 0x0000000100a71c00 'java/lang/invoke/LambdaForm$DMH+0x0000000100a71c00'
Event: 6.244 Thread 0x000001c25634e730 Unloading class 0x0000000100a71400 'java/lang/invoke/LambdaForm$DMH+0x0000000100a71400'
Event: 6.244 Thread 0x000001c25634e730 Unloading class 0x0000000100a71800 'java/lang/invoke/LambdaForm$DMH+0x0000000100a71800'
Event: 6.244 Thread 0x000001c25634e730 Unloading class 0x0000000100a71000 'java/lang/invoke/LambdaForm$DMH+0x0000000100a71000'
Event: 10.125 Thread 0x000001c25634e730 Unloading class 0x0000000100e9c400 'java/lang/invoke/LambdaForm$DMH+0x0000000100e9c400'
Event: 10.125 Thread 0x000001c25634e730 Unloading class 0x0000000100e9d000 'java/lang/invoke/LambdaForm$DMH+0x0000000100e9d000'
Event: 10.125 Thread 0x000001c25634e730 Unloading class 0x0000000100e9cc00 'java/lang/invoke/LambdaForm$DMH+0x0000000100e9cc00'
Event: 10.125 Thread 0x000001c25634e730 Unloading class 0x0000000100e9c000 'java/lang/invoke/LambdaForm$DMH+0x0000000100e9c000'

Classes redefined (0 events):
No events

Internal exceptions (20 events):
Event: 10.325 Thread 0x000001c262180790 Exception <a 'sun/nio/fs/WindowsException'{0x00000000a2d0ed00}> (0x00000000a2d0ed00) 
thrown [s\src\hotspot\share\prims\jni.cpp, line 537]
Event: 10.329 Thread 0x000001c262180790 Exception <a 'sun/nio/fs/WindowsException'{0x00000000b5b059b8}> (0x00000000b5b059b8) 
thrown [s\src\hotspot\share\prims\jni.cpp, line 537]
Event: 10.337 Thread 0x000001c262180790 Exception <a 'sun/nio/fs/WindowsException'{0x00000000b59f1f50}> (0x00000000b59f1f50) 
thrown [s\src\hotspot\share\prims\jni.cpp, line 537]
Event: 10.340 Thread 0x000001c262180790 Exception <a 'sun/nio/fs/WindowsException'{0x00000000b57012f8}> (0x00000000b57012f8) 
thrown [s\src\hotspot\share\prims\jni.cpp, line 537]
Event: 10.343 Thread 0x000001c262180790 Exception <a 'sun/nio/fs/WindowsException'{0x00000000b5601798}> (0x00000000b5601798) 
thrown [s\src\hotspot\share\prims\jni.cpp, line 537]
Event: 10.346 Thread 0x000001c262180790 Exception <a 'sun/nio/fs/WindowsException'{0x00000000b560a5e8}> (0x00000000b560a5e8) 
thrown [s\src\hotspot\share\prims\jni.cpp, line 537]
Event: 10.347 Thread 0x000001c262180790 Exception <a 'sun/nio/fs/WindowsException'{0x00000000b560c960}> (0x00000000b560c960) 
thrown [s\src\hotspot\share\prims\jni.cpp, line 537]
Event: 10.352 Thread 0x000001c262180790 Exception <a 'sun/nio/fs/WindowsException'{0x00000000b5410248}> (0x00000000b5410248) 
thrown [s\src\hotspot\share\prims\jni.cpp, line 537]
Event: 10.354 Thread 0x000001c262180790 Exception <a 'sun/nio/fs/WindowsException'{0x00000000b53817a8}> (0x00000000b53817a8) 
thrown [s\src\hotspot\share\prims\jni.cpp, line 537]
Event: 10.355 Thread 0x000001c262180790 Exception <a 'sun/nio/fs/WindowsException'{0x00000000b538a118}> (0x00000000b538a118) 
thrown [s\src\hotspot\share\prims\jni.cpp, line 537]
Event: 10.356 Thread 0x000001c262180790 Exception <a 'sun/nio/fs/WindowsException'{0x00000000b538fdd8}> (0x00000000b538fdd8) 
thrown [s\src\hotspot\share\prims\jni.cpp, line 537]
Event: 10.356 Thread 0x000001c262180790 Exception <a 'sun/nio/fs/WindowsException'{0x00000000b5201188}> (0x00000000b5201188) 
thrown [s\src\hotspot\share\prims\jni.cpp, line 537]
Event: 10.357 Thread 0x000001c262180790 Exception <a 'sun/nio/fs/WindowsException'{0x00000000b5208090}> (0x00000000b5208090) 
thrown [s\src\hotspot\share\prims\jni.cpp, line 537]
Event: 10.358 Thread 0x000001c262180790 Exception <a 'sun/nio/fs/WindowsException'{0x00000000b52112b8}> (0x00000000b52112b8) 
thrown [s\src\hotspot\share\prims\jni.cpp, line 537]
Event: 10.358 Thread 0x000001c262180790 Exception <a 'sun/nio/fs/WindowsException'{0x00000000b52a09e8}> (0x00000000b52a09e8) 
thrown [s\src\hotspot\share\prims\jni.cpp, line 537]
Event: 10.359 Thread 0x000001c262180790 Exception <a 'sun/nio/fs/WindowsException'{0x00000000b52ae750}> (0x00000000b52ae750) 
thrown [s\src\hotspot\share\prims\jni.cpp, line 537]
Event: 10.360 Thread 0x000001c262180790 Exception <a 'sun/nio/fs/WindowsException'{0x00000000b5180d28}> (0x00000000b5180d28) 
thrown [s\src\hotspot\share\prims\jni.cpp, line 537]
Event: 10.361 Thread 0x000001c262180790 Exception <a 'sun/nio/fs/WindowsException'{0x00000000b518c818}> (0x00000000b518c818) 
thrown [s\src\hotspot\share\prims\jni.cpp, line 537]
Event: 10.361 Thread 0x000001c262180790 Exception <a 'sun/nio/fs/WindowsException'{0x00000000b5196608}> (0x00000000b5196608) 
thrown [s\src\hotspot\share\prims\jni.cpp, line 537]
Event: 10.363 Thread 0x000001c262180790 Exception <a 'sun/nio/fs/WindowsException'{0x00000000b51a12a8}> (0x00000000b51a12a8) 
thrown [s\src\hotspot\share\prims\jni.cpp, line 537]

ZGC Phase Switch (0 events):
No events

VM Operations (20 events):
Event: 9.096 Executing non-safepoint VM operation: HandshakeAllThreads (Deoptimize) done
Event: 9.100 Executing safepoint VM operation: G1PauseRemark
Event: 9.106 Executing safepoint VM operation: G1PauseRemark done
Event: 9.160 Executing safepoint VM operation: G1PauseCleanup
Event: 9.160 Executing safepoint VM operation: G1PauseCleanup done
Event: 9.286 Executing safepoint VM operation: G1CollectForAllocation (G1 Evacuation Pause)
Event: 9.355 Executing safepoint VM operation: G1CollectForAllocation (G1 Evacuation Pause) done
Event: 9.567 Executing safepoint VM operation: G1CollectForAllocation (G1 Evacuation Pause)
Event: 9.632 Executing safepoint VM operation: G1CollectForAllocation (G1 Evacuation Pause) done
Event: 9.849 Executing non-safepoint VM operation: HandshakeAllThreads (Deoptimize)
Event: 9.849 Executing non-safepoint VM operation: HandshakeAllThreads (Deoptimize) done
Event: 9.857 Executing safepoint VM operation: G1CollectForAllocation (G1 Evacuation Pause)
Event: 9.893 Executing safepoint VM operation: G1CollectForAllocation (G1 Evacuation Pause) done
Event: 10.033 Executing safepoint VM operation: G1CollectForAllocation (G1 Evacuation Pause)
Event: 10.057 Executing safepoint VM operation: G1CollectForAllocation (G1 Evacuation Pause) done
Event: 10.121 Executing non-safepoint VM operation: HandshakeAllThreads (Deoptimize)
Event: 10.122 Executing non-safepoint VM operation: HandshakeAllThreads (Deoptimize) done
Event: 10.124 Executing safepoint VM operation: G1PauseRemark
Event: 10.324 Executing safepoint VM operation: G1PauseRemark done
Event: 10.363 Executing safepoint VM operation: G1CollectForAllocation (G1 Evacuation Pause)

Memory protections (0 events):
No events

Nmethod flushes (20 events):
Event: 10.318 Thread 0x000001c25634e730 flushing  nmethod 0x000001c249023690
Event: 10.318 Thread 0x000001c25634e730 flushing  nmethod 0x000001c240f0aa90
Event: 10.318 Thread 0x000001c25634e730 flushing  nmethod 0x000001c241102690
Event: 10.318 Thread 0x000001c25634e730 flushing  nmethod 0x000001c241156890
Event: 10.318 Thread 0x000001c25634e730 flushing  nmethod 0x000001c2412b8410
Event: 10.318 Thread 0x000001c25634e730 flushing  nmethod 0x000001c2416b9c90
Event: 10.318 Thread 0x000001c25634e730 flushing  nmethod 0x000001c2419b7d90
Event: 10.318 Thread 0x000001c25634e730 flushing  nmethod 0x000001c241d6cd90
Event: 10.318 Thread 0x000001c25634e730 flushing  nmethod 0x000001c24207fb10
Event: 10.318 Thread 0x000001c25634e730 flushing  nmethod 0x000001c248b25d90
Event: 10.318 Thread 0x000001c25634e730 flushing  nmethod 0x000001c248c63690
Event: 10.318 Thread 0x000001c25634e730 flushing  nmethod 0x000001c240fdb890
Event: 10.318 Thread 0x000001c25634e730 flushing  nmethod 0x000001c2415cca10
Event: 10.318 Thread 0x000001c25634e730 flushing  nmethod 0x000001c24177f810
Event: 10.318 Thread 0x000001c25634e730 flushing  nmethod 0x000001c241783d10
Event: 10.318 Thread 0x000001c25634e730 flushing  nmethod 0x000001c241784990
Event: 10.318 Thread 0x000001c25634e730 flushing  nmethod 0x000001c241786b90
Event: 10.318 Thread 0x000001c25634e730 flushing  nmethod 0x000001c2421efa10
Event: 10.318 Thread 0x000001c25634e730 flushing  nmethod 0x000001c2421f0890
Event: 10.318 Thread 0x000001c25634e730 flushing  nmethod 0x000001c24220ad10

Events (20 events):
Event: 8.668 Thread 0x000001c262180100 Thread added: 0x000001c2616b76e0
Event: 8.668 Thread 0x000001c262180100 Thread added: 0x000001c2616b7d70
Event: 8.669 Thread 0x000001c2616b76e0 Thread added: 0x000001c2616b8400
Event: 8.669 Thread 0x000001c2616b7d70 Thread added: 0x000001c2616b4f80
Event: 8.669 Thread 0x000001c2616b8400 Thread added: 0x000001c2616b9e40
Event: 8.669 Thread 0x000001c2616b4f80 Thread added: 0x000001c2616b8a90
Event: 8.669 Thread 0x000001c2616b9e40 Thread added: 0x000001c2616bb880
Event: 8.669 Thread 0x000001c2616b8a90 Thread added: 0x000001c2616b9120
Event: 8.669 Thread 0x000001c2616bb880 Thread added: 0x000001c2616bab60
Event: 8.670 Thread 0x000001c2616b9120 Thread added: 0x000001c2616b97b0
Event: 8.670 Thread 0x000001c2616bab60 Thread added: 0x000001c2616ba4d0
Event: 8.670 Thread 0x000001c2616b97b0 Thread added: 0x000001c2616bb1f0
Event: 8.670 Thread 0x000001c2616ba4d0 Thread added: 0x000001c2619f9a80
Event: 8.670 Thread 0x000001c2619f9a80 Thread added: 0x000001c2619fc1e0
Event: 8.670 Thread 0x000001c2616bb1f0 Thread added: 0x000001c2619fc870
Event: 8.671 Thread 0x000001c2619fc1e0 Thread added: 0x000001c2619fd590
Event: 8.671 Thread 0x000001c2619fc870 Thread added: 0x000001c2619fbb50
Event: 8.671 Thread 0x000001c2619fd590 Thread added: 0x000001c2619fa110
Event: 8.707 Thread 0x000001c262180790 Thread added: 0x000001c2619fdc20
Event: 8.707 Thread 0x000001c262180790 Thread added: 0x000001c2619fa7a0


Dynamic libraries:
0x00007ff734ef0000 - 0x00007ff734efa000 	C:\Program Files\Android\Android Studio\jbr\bin\java.exe
0x00007ffcd9820000 - 0x00007ffcd9a86000 	C:\WINDOWS\SYSTEM32\ntdll.dll
0x00007ffcd8b10000 - 0x00007ffcd8bd9000 	C:\WINDOWS\System32\KERNEL32.DLL
0x00007ffcd7190000 - 0x00007ffcd758a000 	C:\WINDOWS\System32\KERNELBASE.dll
0x00007ffcc0e00000 - 0x00007ffcc0e18000 	C:\Program Files\Android\Android Studio\jbr\bin\jli.dll
0x00007ffcd3580000 - 0x00007ffcd359b000 	C:\Program Files\Android\Android Studio\jbr\bin\VCRUNTIME140.dll
0x00007ffcd7040000 - 0x00007ffcd718c000 	C:\WINDOWS\System32\ucrtbase.dll
0x00007ffcd9610000 - 0x00007ffcd97d7000 	C:\WINDOWS\System32\USER32.dll
0x00007ffcc1010000 - 0x00007ffcc12a2000 	C:\WINDOWS\WinSxS\amd64_microsoft.windows.common-controls_6595b64144ccf1df_6.0.26100.8521_none_3e08b75ce33403b3\COMCTL32.dll
0x00007ffcd6d50000 - 0x00007ffcd6d77000 	C:\WINDOWS\System32\win32u.dll
0x00007ffcd8fe0000 - 0x00007ffcd9089000 	C:\WINDOWS\System32\msvcrt.dll
0x00007ffcd7800000 - 0x00007ffcd782b000 	C:\WINDOWS\System32\GDI32.dll
0x00007ffcd6c20000 - 0x00007ffcd6d4b000 	C:\WINDOWS\System32\gdi32full.dll
0x00007ffcd6d80000 - 0x00007ffcd6e23000 	C:\WINDOWS\System32\msvcp_win.dll
0x00007ffcd75a0000 - 0x00007ffcd75d2000 	C:\WINDOWS\System32\IMM32.DLL
0x00007ffcd3550000 - 0x00007ffcd355c000 	C:\Program Files\Android\Android Studio\jbr\bin\vcruntime140_1.dll
0x00007ffc95750000 - 0x00007ffc957dd000 	C:\Program Files\Android\Android Studio\jbr\bin\msvcp140.dll
0x00007ffc54c80000 - 0x00007ffc55916000 	C:\Program Files\Android\Android Studio\jbr\bin\server\jvm.dll
0x00007ffcd8be0000 - 0x00007ffcd8c96000 	C:\WINDOWS\System32\ADVAPI32.dll
0x00007ffcd8a60000 - 0x00007ffcd8b0a000 	C:\WINDOWS\System32\sechost.dll
0x00007ffcd7830000 - 0x00007ffcd7948000 	C:\WINDOWS\System32\RPCRT4.dll
0x00007ffcd7dd0000 - 0x00007ffcd7e50000 	C:\WINDOWS\System32\WS2_32.dll
0x00007ffcd6910000 - 0x00007ffcd696e000 	C:\WINDOWS\SYSTEM32\POWRPROF.dll
0x00007ffcce050000 - 0x00007ffcce086000 	C:\WINDOWS\SYSTEM32\WINMM.dll
0x00007ffcc1500000 - 0x00007ffcc150b000 	C:\WINDOWS\SYSTEM32\VERSION.dll
0x00007ffcd68f0000 - 0x00007ffcd6904000 	C:\WINDOWS\SYSTEM32\UMPDC.dll
0x00007ffcd57a0000 - 0x00007ffcd57bb000 	C:\WINDOWS\SYSTEM32\kernel.appcore.dll
0x00007ffcd3510000 - 0x00007ffcd351a000 	C:\Program Files\Android\Android Studio\jbr\bin\jimage.dll
0x00007ffcd3820000 - 0x00007ffcd3a62000 	C:\WINDOWS\SYSTEM32\DBGHELP.DLL
0x00007ffcd86d0000 - 0x00007ffcd8a53000 	C:\WINDOWS\System32\combase.dll
0x00007ffcd7e60000 - 0x00007ffcd7f39000 	C:\WINDOWS\System32\OLEAUT32.dll
0x00007ffc99620000 - 0x00007ffc9965b000 	C:\WINDOWS\SYSTEM32\dbgcore.DLL
0x00007ffcd6ab0000 - 0x00007ffcd6b58000 	C:\WINDOWS\System32\bcryptPrimitives.dll
0x00007ffcd34d0000 - 0x00007ffcd34de000 	C:\Program Files\Android\Android Studio\jbr\bin\instrument.dll
0x00007ffcb3600000 - 0x00007ffcb3620000 	C:\Program Files\Android\Android Studio\jbr\bin\java.dll
0x00007ffcb29a0000 - 0x00007ffcb29b8000 	C:\Program Files\Android\Android Studio\jbr\bin\zip.dll
0x00007ffcd7f40000 - 0x00007ffcd86c4000 	C:\WINDOWS\System32\SHELL32.dll
0x00007ffcd4650000 - 0x00007ffcd4ed0000 	C:\WINDOWS\SYSTEM32\windows.storage.dll
0x00007ffcd8dc0000 - 0x00007ffcd8eb6000 	C:\WINDOWS\System32\SHCORE.dll
0x00007ffcd75e0000 - 0x00007ffcd7647000 	C:\WINDOWS\System32\shlwapi.dll
0x00007ffcd69d0000 - 0x00007ffcd69f9000 	C:\WINDOWS\SYSTEM32\profapi.dll
0x00007ffcd2960000 - 0x00007ffcd2970000 	C:\Program Files\Android\Android Studio\jbr\bin\net.dll
0x00007ffccfae0000 - 0x00007ffccfc09000 	C:\WINDOWS\SYSTEM32\WINHTTP.dll
0x00007ffcd5d50000 - 0x00007ffcd5dbc000 	C:\WINDOWS\system32\mswsock.dll
0x00007ffcb01a0000 - 0x00007ffcb01b6000 	C:\Program Files\Android\Android Studio\jbr\bin\nio.dll
0x00007ffcb2a20000 - 0x00007ffcb2a30000 	C:\Program Files\Android\Android Studio\jbr\bin\verify.dll
0x00007ffcac4f0000 - 0x00007ffcac517000 	C:\Users\Equipo-6\.gradle\native\660c5614fbf4a5f2a75b1949f50a0caf5cd603558e7d8a26e50b933a0cfb79d1\windows-amd64\native-platform.dll
0x00007ffcb8d80000 - 0x00007ffcb8df7000 	C:\Users\Equipo-6\.gradle\native\0.2.8\x86_64-windows-gnu\gradle-fileevents.dll
0x00007ffcc2d40000 - 0x00007ffcc2d49000 	C:\Program Files\Android\Android Studio\jbr\bin\management.dll
0x00007ffcb9a90000 - 0x00007ffcb9a9b000 	C:\Program Files\Android\Android Studio\jbr\bin\management_ext.dll
0x00007ffcd8fd0000 - 0x00007ffcd8fd8000 	C:\WINDOWS\System32\PSAPI.DLL
0x00007ffcd51e0000 - 0x00007ffcd5213000 	C:\WINDOWS\SYSTEM32\IPHLPAPI.DLL
0x00007ffcd8ec0000 - 0x00007ffcd8eca000 	C:\WINDOWS\System32\NSI.dll
0x00007ffcd1450000 - 0x00007ffcd1459000 	C:\Program Files\Android\Android Studio\jbr\bin\extnet.dll
0x00007ffcd6150000 - 0x00007ffcd616b000 	C:\WINDOWS\SYSTEM32\CRYPTSP.dll
0x00007ffcd5760000 - 0x00007ffcd5799000 	C:\WINDOWS\system32\rsaenh.dll
0x00007ffcd5e00000 - 0x00007ffcd5e33000 	C:\WINDOWS\SYSTEM32\USERENV.dll
0x00007ffcd69a0000 - 0x00007ffcd69ca000 	C:\WINDOWS\SYSTEM32\bcrypt.dll
0x00007ffcd5fb0000 - 0x00007ffcd5fbc000 	C:\WINDOWS\SYSTEM32\CRYPTBASE.dll
0x00007ffca8650000 - 0x00007ffca8658000 	C:\WINDOWS\system32\wshunix.dll
0x00007ffc9fba0000 - 0x00007ffc9fbb8000 	C:\WINDOWS\system32\napinsp.dll
0x00007ffcd5270000 - 0x00007ffcd53ba000 	C:\WINDOWS\SYSTEM32\DNSAPI.dll
0x00007ffcd5b70000 - 0x00007ffcd5b7d000 	C:\WINDOWS\SYSTEM32\DSPARSE.dll
0x00007ffc9fb80000 - 0x00007ffc9fb93000 	C:\WINDOWS\System32\winrnr.dll
0x00007ffc9fb50000 - 0x00007ffc9fb72000 	C:\WINDOWS\system32\nlansp_c.dll
0x00007ffc9fb30000 - 0x00007ffc9fb46000 	C:\WINDOWS\system32\wshbth.dll
0x00007ffcc57b0000 - 0x00007ffcc57bb000 	C:\Windows\System32\rasadhlp.dll
0x00007ffccdc80000 - 0x00007ffccdd06000 	C:\WINDOWS\System32\fwpuclnt.dll
0x00007ffcc0da0000 - 0x00007ffcc0da7000 	C:\Program Files\Android\Android Studio\jbr\bin\rmi.dll

JVMTI agents:
C:\Users\Equipo-6\.gradle\wrapper\dists\gradle-9.4.1-bin\arn2x92ynaizyzdaamcbpbhtj\gradle-9.4.1\lib\agents\gradle-instrumentation-agent-9.4.1.jar path:C:\Program Files\Android\Android Studio\jbr\bin\instrument.dll, loaded, initialized, instrumentlib options:none

dbghelp: loaded successfully - version: 4.0.5 - missing functions: none
symbol engine: initialized successfully - sym options: 0x614 - pdb path: .;C:\Program Files\Android\Android Studio\jbr\bin;C:\WINDOWS\SYSTEM32;C:\WINDOWS\WinSxS\amd64_microsoft.windows.common-controls_6595b64144ccf1df_6.0.26100.8521_none_3e08b75ce33403b3;C:\Program Files\Android\Android Studio\jbr\bin\server;C:\Users\Equipo-6\.gradle\native\660c5614fbf4a5f2a75b1949f50a0caf5cd603558e7d8a26e50b933a0cfb79d1\windows-amd64;C:\Users\Equipo-6\.gradle\native\0.2.8\x86_64-windows-gnu

VM Arguments:
jvm_args: --add-opens=java.base/java.lang=ALL-UNNAMED --add-opens=java.base/java.lang.invoke=ALL-UNNAMED --add-opens=java.base/java.util=ALL-UNNAMED --add-opens=java.prefs/java.util.prefs=ALL-UNNAMED --add-exports=jdk.compiler/com.sun.tools.javac.api=ALL-UNNAMED --add-exports=jdk.compiler/com.sun.tools.javac.util=ALL-UNNAMED --add-opens=java.base/java.util=ALL-UNNAMED --add-opens=java.prefs/java.util.prefs=ALL-UNNAMED --add-opens=java.base/java.nio.charset=ALL-UNNAMED --add-opens=java.base/java.net=ALL-UNNAMED --add-opens=java.base/java.util.concurrent=ALL-UNNAMED --add-opens=java.base/java.util.concurrent.atomic=ALL-UNNAMED --add-opens=java.xml/javax.xml.namespace=ALL-UNNAMED --add-opens=java.base/java.time=ALL-UNNAMED -Xmx2048m -Dfile.encoding=UTF-8 -Duser.country=PE -Duser.language=es -Duser.variant -javaagent:C:\Users\Equipo-6\.gradle\wrapper\dists\gradle-9.4.1-bin\arn2x92ynaizyzdaamcbpbhtj\gradle-9.4.1\lib\agents\gradle-instrumentation-agent-9.4.1.jar 
java_command: org.gradle.launcher.daemon.bootstrap.GradleDaemon 9.4.1
java_class_path (initial): C:\Users\Equipo-6\.gradle\wrapper\dists\gradle-9.4.1-bin\arn2x92ynaizyzdaamcbpbhtj\gradle-9.4.1\lib\gradle-daemon-main-9.4.1.jar
Launcher Type: SUN_STANDARD

[Global flags]
     intx CICompilerCount                          = 12                                        {product} {ergonomic}
     uint ConcGCThreads                            = 4                                         {product} {ergonomic}
     uint G1ConcRefinementThreads                  = 15                                        {product} {ergonomic}
   size_t G1HeapRegionSize                         = 1048576                                   {product} {ergonomic}
    uintx GCDrainStackTargetSize                   = 64                                        {product} {ergonomic}
   size_t InitialHeapSize                          = 130023424                                 {product} {ergonomic}
   size_t MarkStackSize                            = 4194304                                   {product} {ergonomic}
   size_t MaxHeapSize                              = 2147483648                                {product} {command line}
   size_t MaxNewSize                               = 1287651328                                {product} {ergonomic}
   size_t MinHeapDeltaBytes                        = 1048576                                   {product} {ergonomic}
   size_t MinHeapSize                              = 8388608                                   {product} {ergonomic}
    uintx NonNMethodCodeHeapSize                   = 7602480                                {pd product} {ergonomic}
    uintx NonProfiledCodeHeapSize                  = 122027880                              {pd product} {ergonomic}
    uintx ProfiledCodeHeapSize                     = 122027880                              {pd product} {ergonomic}
    uintx ReservedCodeCacheSize                    = 251658240                              {pd product} {ergonomic}
     bool SegmentedCodeCache                       = true                                      {product} {ergonomic}
   size_t SoftMaxHeapSize                          = 2147483648                             {manageable} {ergonomic}
     bool UseCompressedOops                        = true                           {product lp64_product} {ergonomic}
     bool UseG1GC                                  = true                                      {product} {ergonomic}
     bool UseLargePagesIndividualAllocation        = false                                  {pd product} {ergonomic}

Logging:
Log output configuration:
 #0: stdout all=warning uptime,level,tags foldmultilines=false
 #1: stderr all=off uptime,level,tags foldmultilines=false

Release file:
JAVA_VERSION="21.0.10" 
MODULES="java.base java.compiler java.datatransfer java.xml java.prefs java.desktop java.instrument java.logging java.management java.security.sasl java.naming java.rmi java.management.rmi java.net.http java.scripting java.security.jgss java.transaction.xa java.sql java.sql.rowset java.xml.crypto java.se java.smartcardio jdk.accessibility jdk.internal.jvmstat jdk.attach jdk.charsets jdk.internal.opt jdk.zipfs jdk.compiler jdk.crypto.ec jdk.crypto.cryptoki jdk.dynalink jdk.hotspot.agent jdk.httpserver jdk.internal.ed jdk.internal.le jdk.internal.vm.ci jdk.jartool jdk.javadoc jdk.jcmd jdk.jdeps jdk.jdwp.agent jdk.jdi jdk.jfr jdk.jlink jdk.jsobject jdk.localedata jdk.management jdk.management.agent jdk.management.jfr jdk.naming.dns jdk.naming.rmi jdk.net jdk.sctp jdk.security.auth jdk.security.jgss jdk.unsupported jdk.unsupported.desktop jdk.xml.dom" 
IMPLEMENTOR="JetBrains s.r.o." 
JAVA_RUNTIME_VERSION="21.0.10+-14961533-b1163.108" 
LIBC="default" 
OS_ARCH="x86_64" 
OS_NAME="Windows" 
SOURCE=".:git:1351622c2ff2" 

Environment Variables:
PATH=C:\WINDOWS\system32;C:\WINDOWS;C:\WINDOWS\System32\Wbem;C:\WINDOWS\System32\WindowsPowerShell\v1.0\;C:\WINDOWS\System32\OpenSSH\;C:\Program Files\dotnet\;C:\Program Files\Microsoft SQL Server\170\Tools\Binn\;C:\Program Files\Microsoft SQL Server\Client SDK\ODBC\170\Tools\Binn\;C:\Program Files\Git\cmd;C:\laragon\bin\php\php-8.3.30-nts-Win32-vs16-x64;C:\ProgramData\ComposerSetup\bin;C:\Program Files\nodejs\;C:\Users\Equipo-6\AppData\Local\Microsoft\WindowsApps;C:\Users\Equipo-6\AppData\Roaming\Composer\vendor\bin;C:\Users\Equipo-6\AppData\Local\GitHubDesktop\bin;C:\Users\Equipo-6\AppData\Local\Programs\Microsoft VS Code\bin;C:\Users\Equipo-6\AppData\Roaming\npm
USERNAME=Equipo-6
OS=Windows_NT
PROCESSOR_IDENTIFIER=Intel64 Family 6 Model 191 Stepping 2, GenuineIntel
TMP=C:\Users\Equipo-6\AppData\Local\Temp
TEMP=C:\Users\Equipo-6\AppData\Local\Temp




Periodic native trim disabled

JNI global refs:
JNI global refs: 37, weak refs: 88

JNI global refs memory usage: 835, weak refs: 2097

Process memory usage:
Resident Set Size: 417264K (5% of 8018792K total physical memory with 382932K free physical memory)

OOME stack traces (most recent first):
Classloader memory used:
Loader org.gradle.internal.classloader.VisitableURLClassLoader                         : 41074K
Loader bootstrap                                                                       : 26650K
Loader org.gradle.internal.classloader.VisitableURLClassLoader$InstrumentingVisitableURLClassLoader: 22868K
Loader org.gradle.initialization.MixInLegacyTypesClassLoader                           : 9562K
Loader jdk.internal.reflect.DelegatingClassLoader                                      : 1369K
Loader jdk.internal.loader.ClassLoaders$PlatformClassLoader                            : 213K
Loader jdk.internal.loader.ClassLoaders$AppClassLoader                                 : 192K

Classes loaded by more than one classloader:
Class com.google.common.collect.RegularImmutableMap$KeySet                            : loaded 2 times (x 152B)
Class com.google.common.base.PairwiseEquivalence                                      : loaded 2 times (x 83B)
Class com.google.common.base.Equivalence$Identity                                     : loaded 2 times (x 82B)
Class org.gradle.internal.classloader.FilteringClassLoader                            : loaded 2 times (x 105B)
Class [Lcom.google.common.collect.MapMakerInternalMap$Segment;                        : loaded 2 times (x 69B)
Class [Lcom.google.common.base.AbstractIterator$State;                                : loaded 2 times (x 69B)
Class com.google.common.base.CharMatcher$IsEither                                     : loaded 2 times (x 111B)
Class org.gradle.internal.classloader.ClassLoaderHierarchy                            : loaded 2 times (x 70B)
Class com.google.common.collect.ImmutableList$1                                       : loaded 2 times (x 97B)
Class com.google.common.util.concurrent.ExecutionError                                : loaded 2 times (x 82B)
Class com.google.common.collect.ImmutableEnumSet                                      : loaded 2 times (x 146B)
Class com.google.common.collect.AbstractMapBasedMultimap$WrappedCollection            : loaded 2 times (x 124B)
Class com.google.common.collect.RegularImmutableMap                                   : loaded 2 times (x 121B)
Class com.google.common.collect.ImmutableMap$MapViewOfValuesAsSingletonSets           : loaded 2 times (x 126B)
Class com.google.common.collect.UnmodifiableListIterator                              : loaded 2 times (x 95B)
Class com.google.common.collect.MapMakerInternalMap$StrongKeyDummyValueEntry$LinkedStrongKeyDummyValueEntry: loaded 2 times (x 82B)
Class com.google.common.collect.MapMakerInternalMap$Strength                          : loaded 2 times (x 80B)
Class com.google.common.base.Platform$JdkPatternCompiler                              : loaded 2 times (x 75B)
Class [Lcom.google.common.cache.CacheBuilder$OneWeigher;                              : loaded 2 times (x 69B)
Class com.google.common.base.Suppliers                                                : loaded 2 times (x 71B)
Class org.gradle.internal.classloader.DefaultClassLoaderFactory                       : loaded 2 times (x 82B)
Class [Lcom.google.common.collect.AbstractIterator$State;                             : loaded 2 times (x 69B)
Class com.google.common.base.CharMatcher$None                                         : loaded 2 times (x 112B)
Class [Lcom.google.common.collect.ImmutableMapEntry;                                  : loaded 2 times (x 69B)
Class com.google.common.collect.ImmutableEnumMap                                      : loaded 2 times (x 126B)
Class com.google.common.collect.ListMultimap                                          : loaded 2 times (x 70B)
Class com.google.common.base.Splitter                                                 : loaded 2 times (x 72B)
Class com.google.common.collect.Sets$1                                                : loaded 2 times (x 139B)
Class com.google.common.collect.ImmutableSet$SerializedForm                           : loaded 2 times (x 73B)
Class org.gradle.api.internal.DefaultClassPathProvider                                : loaded 2 times (x 76B)
Class com.google.common.collect.MapMakerInternalMap$Strength$1                        : loaded 2 times (x 80B)
Class com.google.common.collect.Sets$2                                                : loaded 2 times (x 139B)
Class [Lorg.gradle.api.internal.ClassPathProvider;                                    : loaded 2 times (x 69B)
Class org.gradle.api.internal.ClassPathProvider                                       : loaded 2 times (x 70B)
Class com.google.common.collect.MapMakerInternalMap$Strength$2                        : loaded 2 times (x 80B)
Class com.google.common.base.AbstractIterator$State                                   : loaded 2 times (x 79B)
Class com.google.common.cache.LocalCache$LocalLoadingCache                            : loaded 2 times (x 134B)
Class com.google.common.collect.Sets$3                                                : loaded 2 times (x 139B)
Class org.gradle.internal.service.UnknownServiceException                             : loaded 2 times (x 83B)
Class com.google.common.collect.MapMakerInternalMap$StrongValueEntry                  : loaded 2 times (x 70B)
Class com.google.common.cache.LocalCache$Strength$1                                   : loaded 2 times (x 81B)
Class com.google.common.collect.Sets$4                                                : loaded 2 times (x 139B)
Class com.google.common.util.concurrent.SettableFuture                                : loaded 2 times (x 114B)
Class com.google.common.cache.LocalCache$Strength$2                                   : loaded 2 times (x 81B)
Class com.google.common.collect.Interners$InternerImpl                                : loaded 2 times (x 75B)
Class com.google.common.base.Splitter$1                                               : loaded 2 times (x 77B)
Class com.google.common.collect.Interner                                              : loaded 2 times (x 70B)
Class com.google.common.cache.LocalCache$Strength$3                                   : loaded 2 times (x 81B)
Class com.google.common.collect.MapDifference                                         : loaded 2 times (x 70B)
Class com.google.common.collect.MapMaker$Dummy                                        : loaded 2 times (x 79B)
Class com.google.common.cache.CacheBuilder$NullListener                               : loaded 2 times (x 82B)
Class org.gradle.internal.classpath.TransformedClassPath                              : loaded 2 times (x 96B)
Class org.gradle.internal.classloader.InstrumentingClassLoader                        : loaded 2 times (x 70B)
Class com.google.common.cache.CacheLoader$FunctionToCacheLoader                       : loaded 2 times (x 75B)
Class com.google.common.collect.Iterators$ArrayItr                                    : loaded 2 times (x 97B)
Class com.google.common.collect.ImmutableCollection$Builder                           : loaded 2 times (x 76B)
Class com.google.common.base.Joiner                                                   : loaded 2 times (x 79B)
Class com.google.common.base.MoreObjects                                              : loaded 2 times (x 71B)
Class com.google.common.collect.UnmodifiableIterator                                  : loaded 2 times (x 80B)
Class org.gradle.internal.service.ServiceLocator                                      : loaded 2 times (x 70B)
Class com.google.common.collect.SingletonImmutableBiMap                               : loaded 2 times (x 143B)
Class com.google.common.cache.LocalCache$1                                            : loaded 2 times (x 89B)
Class com.google.common.collect.Iterators$SingletonIterator                           : loaded 2 times (x 81B)
Class com.google.common.collect.AbstractMapEntry                                      : loaded 2 times (x 81B)
Class com.google.common.collect.MapMakerInternalMap$AbstractStrongKeyEntry            : loaded 2 times (x 80B)
Class com.google.common.collect.ImmutableList$Builder                                 : loaded 2 times (x 77B)
Class com.google.common.cache.LocalCache$2                                            : loaded 2 times (x 142B)
Class com.google.common.collect.AbstractMultimap                                      : loaded 2 times (x 123B)
Class com.google.common.collect.RegularImmutableAsList                                : loaded 2 times (x 217B)
Class com.google.common.base.Optional                                                 : loaded 2 times (x 80B)
Class com.google.common.util.concurrent.AbstractFuture$Trusted                        : loaded 2 times (x 70B)
Class com.google.common.collect.Iterators                                             : loaded 2 times (x 71B)
Class com.google.common.util.concurrent.UncheckedExecutionException                   : loaded 2 times (x 82B)
Class com.google.common.collect.Lists$StringAsImmutableList                           : loaded 2 times (x 207B)
Class com.google.common.base.CharMatcher$And                                          : loaded 2 times (x 112B)
Class com.google.common.cache.CacheLoader$UnsupportedLoadingOperationException        : loaded 2 times (x 82B)
Class com.google.common.base.Objects                                                  : loaded 2 times (x 71B)
Class com.google.common.collect.FluentIterable$1                                      : loaded 2 times (x 81B)
Class com.google.common.collect.IndexedImmutableSet                                   : loaded 2 times (x 152B)
Class com.google.common.collect.ImmutableMap$1                                        : loaded 2 times (x 81B)
Class com.google.common.collect.BiMap                                                 : loaded 2 times (x 70B)
Class org.gradle.api.internal.classpath.DefaultModuleRegistry$DefaultModule           : loaded 2 times (x 82B)
Class com.google.common.base.Absent                                                   : loaded 2 times (x 80B)
Class com.google.common.collect.FluentIterable$2                                      : loaded 2 times (x 81B)
Class com.google.common.collect.AbstractIterator                                      : loaded 2 times (x 82B)
Class com.google.common.collect.FluentIterable$3                                      : loaded 2 times (x 81B)
Class com.google.common.collect.ObjectArrays                                          : loaded 2 times (x 71B)
Class com.google.common.math.MathPreconditions                                        : loaded 2 times (x 71B)
Class com.google.common.collect.AbstractIndexedListIterator                           : loaded 2 times (x 96B)
Class com.google.common.collect.ArrayListMultimapGwtSerializationDependencies         : loaded 2 times (x 172B)
Class com.google.common.collect.Multiset                                              : loaded 2 times (x 70B)
Class com.google.common.collect.ImmutableMapEntrySet                                  : loaded 2 times (x 152B)
Class org.gradle.api.internal.classpath.Module                                        : loaded 2 times (x 70B)
Class com.google.common.cache.Weigher                                                 : loaded 2 times (x 70B)
Class org.gradle.api.internal.classpath.UnknownModuleException                        : loaded 2 times (x 82B)
Class com.google.common.base.Stopwatch                                                : loaded 2 times (x 72B)
Class com.google.common.cache.LocalCache$Strength                                     : loaded 2 times (x 81B)
Class com.google.common.cache.Cache                                                   : loaded 2 times (x 70B)
Class com.google.common.util.concurrent.AbstractFuture$Cancellation                   : loaded 2 times (x 72B)
Class com.google.common.base.NullnessCasts                                            : loaded 2 times (x 71B)
Class com.google.common.collect.ImmutableMap$Builder                                  : loaded 2 times (x 82B)
Class com.google.common.base.Present                                                  : loaded 2 times (x 81B)
Class com.google.common.cache.RemovalListener                                         : loaded 2 times (x 70B)
Class org.gradle.api.internal.DefaultClassPathRegistry                                : loaded 2 times (x 76B)
Class com.google.common.collect.Multimap                                              : loaded 2 times (x 70B)
Class org.gradle.internal.classpath.DefaultClassPath$ImmutableUniqueList              : loaded 2 times (x 199B)
Class org.gradle.api.internal.ClassPathRegistry                                       : loaded 2 times (x 70B)
Class com.google.common.collect.NullnessCasts                                         : loaded 2 times (x 71B)
Class com.google.common.base.ExtraObjectsMethodsForWeb                                : loaded 2 times (x 71B)
Class com.google.common.collect.MapMakerInternalMap$Segment                           : loaded 2 times (x 142B)
Class com.google.common.collect.SingletonImmutableList                                : loaded 2 times (x 207B)
Class com.google.common.cache.CacheBuilder                                            : loaded 2 times (x 72B)
Class org.gradle.internal.classpath.ClassPath                                         : loaded 2 times (x 70B)
Class com.google.common.collect.Interners$InternerBuilder                             : loaded 2 times (x 76B)
Class com.google.common.collect.ImmutableList$ReverseImmutableList                    : loaded 2 times (x 209B)
Class com.google.common.base.JdkPattern                                               : loaded 2 times (x 75B)
Class org.gradle.api.internal.classpath.DefaultModuleRegistry$DefaultModuleAlias      : loaded 2 times (x 80B)
Class com.google.common.base.Suppliers$SupplierOfInstance                             : loaded 2 times (x 79B)
Class com.google.common.collect.Iterators$1                                           : loaded 2 times (x 81B)
Class com.google.common.cache.LocalCache$ComputingValueReference                      : loaded 2 times (x 96B)
Class com.google.common.collect.ImmutableMap$IteratorBasedImmutableMap                : loaded 2 times (x 126B)
Class com.google.common.collect.SingletonImmutableSet                                 : loaded 2 times (x 146B)
Class com.google.common.cache.LocalCache$Segment                                      : loaded 2 times (x 154B)
Class com.google.common.collect.ImmutableBiMap                                        : loaded 2 times (x 143B)
Class com.google.common.cache.CacheLoader                                             : loaded 2 times (x 74B)
Class com.google.common.collect.Iterators$4                                           : loaded 2 times (x 82B)
Class com.google.common.collect.AbstractListMultimap                                  : loaded 2 times (x 172B)
Class org.gradle.api.internal.classpath.ModuleRegistry                                : loaded 2 times (x 70B)
Class org.gradle.internal.installation.GradleInstallation$1                           : loaded 2 times (x 75B)
Class com.google.common.util.concurrent.internal.InternalFutureFailureAccess          : loaded 2 times (x 72B)
Class com.google.common.base.Splitter$SplittingIterator                               : loaded 2 times (x 84B)
Class com.google.common.collect.ImmutableSet$JdkBackedSetBuilderImpl                  : loaded 2 times (x 76B)
Class com.google.common.collect.Iterators$5                                           : loaded 2 times (x 82B)
Class com.google.common.base.CharMatcher$ForPredicate                                 : loaded 2 times (x 112B)
Class com.google.common.cache.LocalCache$LocalManualCache$1                           : loaded 2 times (x 75B)
Class com.google.common.base.CharMatcher$AnyOf                                        : loaded 2 times (x 112B)
Class com.google.common.collect.ImmutableCollection                                   : loaded 2 times (x 125B)
Class org.gradle.api.internal.classpath.DefaultModuleRegistry                         : loaded 2 times (x 84B)
Class com.google.common.util.concurrent.ListenableFuture                              : loaded 2 times (x 70B)
Class com.google.common.cache.ReferenceEntry                                          : loaded 2 times (x 70B)
Class com.google.common.collect.Lists                                                 : loaded 2 times (x 71B)
Class com.google.common.base.Converter                                                : loaded 2 times (x 90B)
Class com.google.common.collect.ImmutableSet$CachingAsList                            : loaded 2 times (x 148B)
Class com.google.common.util.concurrent.AbstractFuture                                : loaded 2 times (x 106B)
Class com.google.common.base.FunctionalEquivalence                                    : loaded 2 times (x 83B)
Class com.google.common.collect.Iterators$9                                           : loaded 2 times (x 81B)
Class com.google.common.collect.AbstractMapBasedMultimap                              : loaded 2 times (x 139B)
Class com.google.common.collect.ImmutableAsList                                       : loaded 2 times (x 209B)
Class com.google.common.cache.CacheLoader$SupplierToCacheLoader                       : loaded 2 times (x 75B)
Class com.google.common.collect.Maps$EntryTransformer                                 : loaded 2 times (x 70B)
Class org.gradle.internal.service.ServiceLookupException                              : loaded 2 times (x 82B)
Class [Lcom.google.common.cache.LocalCache$EntryFactory;                              : loaded 2 times (x 69B)
Class org.gradle.internal.classloader.ClassLoaderFactory                              : loaded 2 times (x 70B)
Class com.google.common.base.CharMatcher$IsNot                                        : loaded 2 times (x 111B)
Class com.google.common.base.CommonPattern                                            : loaded 2 times (x 74B)
Class com.google.common.cache.LocalCache$LocalManualCache                             : loaded 2 times (x 99B)
Class org.gradle.internal.service.CachingServiceLocator                               : loaded 2 times (x 82B)
Class com.google.common.math.IntMath                                                  : loaded 2 times (x 71B)
Class com.google.common.collect.MapMakerInternalMap$InternalEntry                     : loaded 2 times (x 70B)
Class com.google.common.collect.ImmutableMapEntry                                     : loaded 2 times (x 85B)
Class com.google.common.collect.ImmutableMapEntry$NonTerminalImmutableMapEntry        : loaded 2 times (x 85B)
Class com.google.common.base.Equivalence                                              : loaded 2 times (x 82B)
Class com.google.common.base.Function                                                 : loaded 2 times (x 70B)
Class com.google.common.collect.IndexedImmutableSet$1                                 : loaded 2 times (x 213B)
Class com.google.common.collect.RegularImmutableList                                  : loaded 2 times (x 213B)
Class com.google.common.cache.CacheBuilder$OneWeigher                                 : loaded 2 times (x 82B)
Class org.gradle.internal.classloader.ClasspathUtil                                   : loaded 2 times (x 71B)
Class com.google.common.util.concurrent.Uninterruptibles                              : loaded 2 times (x 71B)
Class com.google.common.util.concurrent.LazyLogger                                    : loaded 2 times (x 72B)
Class com.google.common.collect.Maps                                                  : loaded 2 times (x 71B)
Class org.gradle.api.specs.Spec                                                       : loaded 2 times (x 70B)
Class com.google.common.collect.MapMaker                                              : loaded 2 times (x 72B)
Class [Lcom.google.common.collect.ImmutableEntry;                                     : loaded 2 times (x 69B)
Class com.google.common.cache.LocalCache$LoadingValueReference                        : loaded 2 times (x 96B)
Class com.google.common.collect.MapMakerInternalMap$StrongKeyDummyValueEntry          : loaded 2 times (x 82B)
Class com.google.common.base.Platform                                                 : loaded 2 times (x 71B)
Class com.google.common.collect.Maps$8                                                : loaded 2 times (x 82B)
Class com.google.common.collect.Sets$SetView                                          : loaded 2 times (x 138B)
Class org.gradle.internal.classloader.VisitableURLClassLoader$InstrumentingVisitableURLClassLoader: loaded 2 times (x 123B)
Class com.google.common.collect.MapMakerInternalMap$StrongKeyDummyValueEntry$Helper   : loaded 2 times (x 79B)
Class com.google.common.math.IntMath$1                                                : loaded 2 times (x 71B)
Class [Lcom.google.common.cache.CacheBuilder$NullListener;                            : loaded 2 times (x 69B)
Class org.gradle.internal.classloader.VisitableURLClassLoader$Spec                    : loaded 2 times (x 74B)
Class org.gradle.internal.classpath.DefaultClassPath                                  : loaded 2 times (x 90B)
Class com.google.common.base.AbstractIterator                                         : loaded 2 times (x 80B)
Class com.google.common.base.CharMatcher$BitSetMatcher                                : loaded 2 times (x 112B)
Class com.google.common.collect.RegularImmutableMap$Values                            : loaded 2 times (x 207B)
Class com.google.common.io.Closer                                                     : loaded 2 times (x 78B)
Class com.google.common.collect.ImmutableSet                                          : loaded 2 times (x 145B)
Class org.gradle.internal.classloader.ClassLoaderSpec                                 : loaded 2 times (x 71B)
Class com.google.common.cache.CacheStats                                              : loaded 2 times (x 71B)
Class com.google.common.collect.Interners                                             : loaded 2 times (x 71B)
Class com.google.common.util.concurrent.AbstractFuture$Listener                       : loaded 2 times (x 72B)
Class com.google.common.base.CharMatcher$Or                                           : loaded 2 times (x 112B)
Class com.google.common.io.Closer$Suppressor                                          : loaded 2 times (x 70B)
Class org.gradle.api.internal.classpath.Module$ModuleAlias                            : loaded 2 times (x 70B)
Class com.google.common.base.Supplier                                                 : loaded 2 times (x 70B)
Class org.gradle.internal.classloader.VisitableURLClassLoader                         : loaded 2 times (x 117B)
Class com.google.common.collect.ImmutableList$SerializedForm                          : loaded 2 times (x 73B)
Class org.gradle.internal.Cast                                                        : loaded 2 times (x 71B)
Class org.gradle.api.Action                                                           : loaded 2 times (x 70B)
Class com.google.common.collect.MapMakerInternalMap                                   : loaded 2 times (x 161B)
Class com.google.common.base.CharMatcher$FastMatcher                                  : loaded 2 times (x 111B)
Class com.google.common.base.Strings                                                  : loaded 2 times (x 71B)
Class com.google.common.base.Ticker                                                   : loaded 2 times (x 72B)
Class com.google.common.collect.Sets                                                  : loaded 2 times (x 71B)
Class [Lcom.google.common.cache.LocalCache$Segment;                                   : loaded 2 times (x 69B)
Class com.google.common.base.Predicate                                                : loaded 2 times (x 70B)
Class [Lcom.google.common.cache.LocalCache$Strength;                                  : loaded 2 times (x 69B)
Class com.google.common.cache.CacheBuilder$1                                          : loaded 2 times (x 85B)
Class com.google.common.collect.ImmutableMap                                          : loaded 2 times (x 120B)
Class org.gradle.internal.classpath.DefaultClassPath$ImmutableUniqueList$Builder      : loaded 2 times (x 75B)
Class com.google.common.collect.MapMakerInternalMap$WeakValueReference                : loaded 2 times (x 70B)
Class com.google.common.base.CharMatcher$NegatedFastMatcher                           : loaded 2 times (x 113B)
Class com.google.common.cache.LocalCache                                              : loaded 2 times (x 187B)
Class com.google.common.cache.CacheBuilder$2                                          : loaded 2 times (x 79B)
Class [Lcom.google.common.collect.AbstractMapEntry;                                   : loaded 2 times (x 69B)
Class com.google.common.collect.ImmutableEntry                                        : loaded 2 times (x 82B)
Class com.google.common.cache.CacheBuilder$3                                          : loaded 2 times (x 72B)
Class com.google.common.collect.ArrayListMultimap                                     : loaded 2 times (x 172B)
Class org.gradle.api.GradleException                                                  : loaded 2 times (x 82B)
Class com.google.common.collect.CollectPreconditions                                  : loaded 2 times (x 71B)
Class [Lcom.google.common.collect.MapMakerInternalMap$Strength;                       : loaded 2 times (x 69B)
Class com.google.common.collect.SortedMapDifference                                   : loaded 2 times (x 70B)
Class com.google.common.collect.MapMakerInternalMap$StrongKeyDummyValueSegment        : loaded 2 times (x 142B)
Class com.google.common.cache.LocalCache$EntryFactory                                 : loaded 2 times (x 83B)
Class com.google.common.cache.LocalCache$AbstractReferenceEntry                       : loaded 2 times (x 107B)
Class [Lcom.google.common.collect.MapMaker$Dummy;                                     : loaded 2 times (x 69B)
Class org.gradle.internal.IoActions                                                   : loaded 2 times (x 71B)
Class com.google.common.collect.ImmutableMapKeySet                                    : loaded 2 times (x 152B)
Class com.google.common.cache.CacheLoader$InvalidCacheLoadException                   : loaded 2 times (x 82B)
Class com.google.common.collect.ImmutableSet$RegularSetBuilderImpl                    : loaded 2 times (x 77B)
Class com.google.common.cache.LocalCache$StrongEntry                                  : loaded 2 times (x 108B)
Class com.google.common.collect.FluentIterable                                        : loaded 2 times (x 81B)
Class com.google.common.util.concurrent.AbstractFuture$TrustedFuture                  : loaded 2 times (x 114B)
Class com.google.common.cache.LoadingCache                                            : loaded 2 times (x 70B)
Class com.google.common.collect.RegularImmutableMap$BucketOverflowException           : loaded 2 times (x 82B)
Class [Lcom.google.common.cache.Weigher;                                              : loaded 2 times (x 69B)
Class com.google.common.collect.RegularImmutableBiMap                                 : loaded 2 times (x 149B)
Class com.google.common.collect.AbstractIterator$State                                : loaded 2 times (x 79B)
Class com.google.common.base.CharMatcher$Negated                                      : loaded 2 times (x 113B)
Class com.google.common.base.CharMatcher$Is                                           : loaded 2 times (x 111B)
Class com.google.common.cache.LocalCache$ValueReference                               : loaded 2 times (x 70B)
Class com.google.common.util.concurrent.AbstractFuture$Failure                        : loaded 2 times (x 72B)
Class com.google.common.collect.Hashing                                               : loaded 2 times (x 71B)
Class com.google.common.base.PatternCompiler                                          : loaded 2 times (x 70B)
Class com.google.common.base.Equivalence$Equals                                       : loaded 2 times (x 82B)
Class com.google.common.base.Preconditions                                            : loaded 2 times (x 71B)
Class com.google.common.base.CharMatcher                                              : loaded 2 times (x 111B)
Class com.google.common.base.Joiner$1                                                 : loaded 2 times (x 80B)
Class com.google.common.collect.PeekingIterator                                       : loaded 2 times (x 70B)
Class com.google.common.collect.Table                                                 : loaded 2 times (x 70B)
Class com.google.common.collect.MapMakerInternalMap$InternalEntryHelper               : loaded 2 times (x 70B)
Class com.google.common.base.CharMatcher$NamedFastMatcher                             : loaded 2 times (x 112B)
Class com.google.common.base.CharMatcher$1                                            : loaded 2 times (x 113B)
Class com.google.common.base.Joiner$2                                                 : loaded 2 times (x 79B)
Class com.google.common.cache.LocalCache$EntryFactory$1                               : loaded 2 times (x 83B)
Class [Lcom.google.common.cache.RemovalListener;                                      : loaded 2 times (x 69B)
Class com.google.common.cache.LocalCache$EntryFactory$2                               : loaded 2 times (x 83B)
Class com.google.common.collect.ImmutableMapEntrySet$RegularEntrySet                  : loaded 2 times (x 152B)
Class com.google.common.cache.LocalCache$EntryFactory$3                               : loaded 2 times (x 83B)
Class com.google.common.base.Ticker$1                                                 : loaded 2 times (x 72B)
Class com.google.common.collect.Maps$BiMapConverter                                   : loaded 2 times (x 90B)
Class com.google.common.base.CharMatcher$InRange                                      : loaded 2 times (x 111B)
Class com.google.common.cache.LocalCache$EntryFactory$4                               : loaded 2 times (x 83B)
Class com.google.common.collect.ImmutableSet$Builder                                  : loaded 2 times (x 85B)
Class com.google.common.cache.LocalCache$EntryFactory$5                               : loaded 2 times (x 83B)
Class com.google.common.cache.LocalCache$EntryFactory$6                               : loaded 2 times (x 83B)
Class org.gradle.internal.installation.CurrentGradleInstallationLocator               : loaded 2 times (x 71B)
Class com.google.common.cache.LocalCache$EntryFactory$7                               : loaded 2 times (x 83B)
Class com.google.common.collect.ImmutableList                                         : loaded 2 times (x 206B)
Class org.gradle.internal.service.DefaultServiceLocator                               : loaded 2 times (x 83B)
Class com.google.common.cache.LocalCache$EntryFactory$8                               : loaded 2 times (x 83B)
Class com.google.common.collect.ImmutableSet$SetBuilderImpl                           : loaded 2 times (x 76B)
Class org.gradle.internal.installation.CurrentGradleInstallation                      : loaded 2 times (x 73B)
Class com.google.common.collect.ImmutableList$SubList                                 : loaded 2 times (x 209B)
Class com.google.common.cache.CacheLoader$1                                           : loaded 2 times (x 75B)
Class com.google.common.collect.ForwardingObject                                      : loaded 2 times (x 72B)
Class org.gradle.util.internal.GUtil                                                  : loaded 2 times (x 71B)
Class com.google.common.cache.AbstractCache$StatsCounter                              : loaded 2 times (x 70B)
Class com.google.common.collect.MapMakerInternalMap$1                                 : loaded 2 times (x 83B)
Class com.google.common.collect.Iterators$MergingIterator                             : loaded 2 times (x 81B)
Class com.google.common.collect.RegularImmutableSet                                   : loaded 2 times (x 149B)
Class org.gradle.internal.installation.GradleInstallation                             : loaded 2 times (x 75B)
Class com.google.common.collect.Iterables                                             : loaded 2 times (x 71B)
Class com.google.common.base.Splitter$Strategy                                        : loaded 2 times (x 70B)

---------------  S Y S T E M  ---------------

OS:
 Windows 11 , 64 bit Build 26100 (10.0.26100.8521)
OS uptime: 5 days 0:15 hours
Hyper-V role detected

CPU: total 20 (initial active 20) (10 cores per cpu, 2 threads per core) family 6 model 191 stepping 2 microcode 0x3e, cx8, cmov, fxsr, ht, mmx, 3dnowpref, sse, sse2, sse3, ssse3, sse4.1, sse4.2, popcnt, lzcnt, tsc, tscinvbit, avx, avx2, aes, erms, clmul, bmi1, bmi2, adx, sha, fma, vzeroupper, clflush, clflushopt, clwb, hv, serialize, rdtscp, rdpid, fsrm, f16c, cet_ibt, cet_ss
Processor Information for the first 20 processors :
  Max Mhz: 1600, Current Mhz: 1600, Mhz Limit: 1600

Memory: 4k page, system-wide physical 7830M (382M free)
TotalPageFile size 31382M (AvailPageFile size 267M)
current process WorkingSet (physical memory assigned to process): 411M, peak: 834M
current process commit charge ("private bytes"): 1281M, peak: 1736M

vm_info: OpenJDK 64-Bit Server VM (21.0.10+-14961533-b1163.108) for windows-amd64 JRE (21.0.10+-14961533-b1163.108), built on 2026-03-02T19:58:50Z by "builder" with MS VC++ 16.10 / 16.11 (VS2019)

END.
